Event_ID,Event_Label,,,,,,,,,,,,,,,,,,,,,,,,
Anukramanika Parva,Event_Label,,,,,,,,,,,,,,,,,,,,,,,,
anu1,"Sages (Shaunaka, etc.) perform a 12-year sacrifice in Naimisha forest.",,,,,,,,,,,,,,,,,,,,,,,,
anu2,The storyteller Ugrashrava Sauti arrives at the sacrifice.,,,,,,,,,,,,,,,,,,,,,,,,
anu3,"The rishis, gathered for the sacrifice, ask Sauti to narrate the Mahabharata.",,,,,,,,,,,,,,,,,,,,,,,,
anu4,Sauti explains he heard the epic from Vaishampayana.,,,,,,,,,,,,,,,,,,,,,,,,
anu5,Vaishampayana had recited the epic at King Janamejaya's snake sacrifice.,,,,,,,,,,,,,,,,,,,,,,,,
Parva Sangraha Parva,,,,,,,,,,,,,,,,,,,,,,,,,
san1,Sauti provides a brief summary of all 18 parvas of the Mahabharata.,,,,,,,,,,,,,,,,,,,,,,,,
Paushya Parva,,,,,,,,,,,,,,,,,,,,,,,,,
pau1,King Parikshit (Janamejaya's great-grandfather) is cursed to die by a snake bite.,,,,,,,,,,,,,,,,,,,,,,,,
pau2,"Sage Veda's disciple, Uttanka, needs to pay his guru-dakshina.",,,,,,,,,,,,,,,,,,,,,,,,
pau3,The teacher's wife asks Uttanka to fetch the divine earrings of Queen Madayanti.,,,,,,,,,,,,,,,,,,,,,,,,
pau4,The serpent king Takshaka steals the earrings from Uttanka.,,,,,,,,,,,,,,,,,,,,,,,,
pau5,Uttanka faces many trials but eventually retrieves the earrings.,,,,,,,,,,,,,,,,,,,,,,,,
pau6,Uttanka vows revenge on Takshaka for the theft and trouble.,,,,,,,,,,,,,,,,,,,,,,,,
pau7,Uttanka goes to King Janamejaya and instigates him to avenge his father.,,,,,,,,,,,,,,,,,,,,,,,,
pau8,King Parikshit is killed by the serpent king Takshaka.,,,,,,,,,,,,,,,,,,,,,,,,
Pauloma Parva,,,,,,,,,,,,,,,,,,,,,,,,,
plo1,"The Rakshasa Puloman abducts Sage Bhrigu's wife, Pauloma.",,,,,,,,,,,,,,,,,,,,,,,,
plo2,"Their son, Chyavana, is born prematurely from the womb.",,,,,,,,,,,,,,,,,,,,,,,,
plo3,Chyavana's divine radiance burns the Rakshasa Puloman to ashes.,,,,,,,,,,,,,,,,,,,,,,,,
plo4,"Sage Bhrigu curses Agni (Fire God) to become an ""eater of all things.""",,,,,,,,,,,,,,,,,,,,,,,,
Astika Parva,,,,,,,,,,,,,,,,,,,,,,,,,
ast1,Devas and Asuras churn the cosmic ocean to obtain Amrita (nectar).,,,,,,,,,,,,,,,,,,,,,,,,
ast2,The poison Halahala emerges and is swallowed by Lord Shiva.,,,,,,,,,,,,,,,,,,,,,,,,
ast3,"The nectar of immortality, Amrita, finally emerges from the ocean.",,,,,,,,,,,,,,,,,,,,,,,,
ast4,The sisters Kadru (mother of Nagas) and Vinata (mother of Garuda) make a wager.,,,,,,,,,,,,,,,,,,,,,,,,
ast5,Kadru tricks Vinata by having her serpent-sons cover the horse's tail.,,,,,,,,,,,,,,,,,,,,,,,,
ast6,Vinata loses the wager and becomes Kadru's slave.,,,,,,,,,,,,,,,,,,,,,,,,
ast7,"Garuda, Vinata's son, is born as a mighty eagle-god.",,,,,,,,,,,,,,,,,,,,,,,,
ast8,"To free his mother, Garuda agrees to fetch the Amrita for the Nagas.",,,,,,,,,,,,,,,,,,,,,,,,
ast9,Garuda fights and defeats the Devas to retrieve the nectar.,,,,,,,,,,,,,,,,,,,,,,,,
ast10,Garuda makes a deal with Vishnu (becomes his mount) and Indra (snakes become his food).,,,,,,,,,,,,,,,,,,,,,,,,
ast11,Garuda places the Amrita on sharp kusha grass for the Nagas.,,,,,,,,,,,,,,,,,,,,,,,,
ast12,The Nagas go to purify themselves before drinking the nectar.,,,,,,,,,,,,,,,,,,,,,,,,
ast13,Indra swoops in and reclaims the Amrita while the Nagas are away.,,,,,,,,,,,,,,,,,,,,,,,,
ast14,"The Nagas lick the sharp kusha grass in haste, splitting their tongues.",,,,,,,,,,,,,,,,,,,,,,,,
ast15,"Garuda's mother, Vinata, is freed from slavery.",,,,,,,,,,,,,,,,,,,,,,,,
ast16,Kadru had earlier cursed her sons (Nagas) to be destroyed in a fire sacrifice.,,,,,,,,,,,,,,,,,,,,,,,,
ast17,"The serpent king Vasuki, fearing the curse, arranges his sister Jaratkaru's marriage.",,,,,,,,,,,,,,,,,,,,,,,,
ast18,The sage Astika is born to Jaratkaru (serpent) and Jaratkaru (sage).,,,,,,,,,,,,,,,,,,,,,,,,
ast19,King Janamejaya begins the Sarpa Satra (snake sacrifice).,,,,,,,,,,,,,,,,,,,,,,,,
ast20,Snakes by the thousands are pulled into the sacrificial fire.,,,,,,,,,,,,,,,,,,,,,,,,
ast21,The serpent king Takshaka seeks refuge with Lord Indra.,,,,,,,,,,,,,,,,,,,,,,,,
ast22,The young sage Astika arrives at the sacrifice.,,,,,,,,,,,,,,,,,,,,,,,,
ast23,Astika impresses King Janamejaya with his wisdom and praise.,,,,,,,,,,,,,,,,,,,,,,,,
ast24,Janamejaya offers Astika a boon.,,,,,,,,,,,,,,,,,,,,,,,,
ast25,Astika asks for the snake sacrifice to be stopped.,,,,,,,,,,,,,,,,,,,,,,,,
ast26,"Bound by his word, Janamejaya ends the Sarpa Satra.",,,,,,,,,,,,,,,,,,,,,,,,
ast27,Takshaka and the remaining serpent race are saved.,,,,,,,,,,,,,,,,,,,,,,,,
Adivansavatarana Parva,,,,,,,,,,,,,,,,,,,,,,,,,
adi1,The snake sacrifice is concluded.,,,,,,,,,,,,,,,,,,,,,,,,
adi2,King Janamejaya asks Vaishampayana to narrate the history of his ancestors.,,,,,,,,,,,,,,,,,,,,,,,,
adi3,Vaishampayana explains the divine incarnations of gods and demons on Earth.,,,,,,,,,,,,,,,,,,,,,,,,
Sambhava Parva,,,,,,,,,,,,,,,,,,,,,,,,,
sam1,King Dushyanta meets Shakuntala in the forest.,,,,,,,,,,,,,,,,,,,,,,,,
sam2,Dushyanta and Shakuntala have a gandharva (love) marriage.,,,,,,,,,,,,,,,,,,,,,,,,
sam3,Dushyanta gives Shakuntala a royal ring and returns to his kingdom.,,,,,,,,,,,,,,,,,,,,,,,,
sam4,"Dushyanta, under a curse, forgets Shakuntala.",,,,,,,,,,,,,,,,,,,,,,,,
sam5,"Shakuntala, pregnant, arrives at Dushyanta's court.",,,,,,,,,,,,,,,,,,,,,,,,
sam6,"Dushyanta, having no memory, rejects Shakuntala.",,,,,,,,,,,,,,,,,,,,,,,,
sam7,A fisherman finds the royal ring in a fish.,,,,,,,,,,,,,,,,,,,,,,,,
sam8,"Seeing the ring, Dushyanta's memory returns.",,,,,,,,,,,,,,,,,,,,,,,,
sam9,"Dushyanta accepts Shakuntala and their son, Bharata.",,,,,,,,,,,,,,,,,,,,,,,,
sam10,King Yayati (ancestor) is cursed with premature old age.,,,,,,,,,,,,,,,,,,,,,,,,
sam11,Yayati asks his sons to swap their youth with him.,,,,,,,,,,,,,,,,,,,,,,,,
sam12,"Only the youngest son, Puru, agrees and swaps his youth.",,,,,,,,,,,,,,,,,,,,,,,,
sam13,"After 1000 years, Yayati returns the youth to Puru.",,,,,,,,,,,,,,,,,,,,,,,,
sam14,Yayati makes Puru his heir (the Paurava line).,,,,,,,,,,,,,,,,,,,,,,,,
sam15,King Shantanu of Hastinapur falls in love with the goddess Ganga.,,,,,,,,,,,,,,,,,,,,,,,,
sam16,Ganga agrees to marry Shantanu on the condition he never question her.,,,,,,,,,,,,,,,,,,,,,,,,
sam17,Ganga gives birth to seven sons and drowns each one.,,,,,,,,,,,,,,,,,,,,,,,,
sam18,"When the eighth son is born, Shantanu confronts and stops Ganga.",,,,,,,,,,,,,,,,,,,,,,,,
sam19,"Ganga reveals she is a goddess and the sons were the 8 Vasus, cursed to be mortal.",,,,,,,,,,,,,,,,,,,,,,,,
sam20,"Ganga leaves Shantanu, taking the eighth son (Devavrata) with her.",,,,,,,,,,,,,,,,,,,,,,,,
sam21,Devavrata is trained by gods and sages.,,,,,,,,,,,,,,,,,,,,,,,,
sam22,Ganga returns the magnificent prince Devavrata to King Shantanu.,,,,,,,,,,,,,,,,,,,,,,,,
sam23,"Shantanu later falls in love with Satyavati, a fisher-woman.",,,,,,,,,,,,,,,,,,,,,,,,
sam24,Satyavati's father refuses the marriage unless her son is made heir.,,,,,,,,,,,,,,,,,,,,,,,,
sam25,"To fulfill his father's desire, Devavrata takes a vow of lifelong celibacy.",,,,,,,,,,,,,,,,,,,,,,,,
sam26,"Devavrata is named Bhishma (""The One of the Terrible Vow"").",,,,,,,,,,,,,,,,,,,,,,,,
sam27,Shantanu marries Satyavati.,,,,,,,,,,,,,,,,,,,,,,,,
sam28,Shantanu and Satyavati have two sons: Chitrangada and Vichitravirya.,,,,,,,,,,,,,,,,,,,,,,,,
sam29,Chitrangada dies young. Bhishma rules as regent for Vichitravirya.,,,,,,,,,,,,,,,,,,,,,,,,
sam30,"Bhishma abducts the three Kashi princesses (Amba, Ambika, Ambalika) for Vichitravirya.",,,,,,,,,,,,,,,,,,,,,,,,
sam31,"Princess Amba reveals she loves another king, Salva.",,,,,,,,,,,,,,,,,,,,,,,,
sam32,Bhishma releases Amba to go to her lover.,,,,,,,,,,,,,,,,,,,,,,,,
sam33,"Amba's lover, King Salva, rejects her (as she was ""won"" by another).",,,,,,,,,,,,,,,,,,,,,,,,
sam34,Amba returns to Bhishma and demands he marry her.,,,,,,,,,,,,,,,,,,,,,,,,
sam35,"Bhishma refuses to marry Amba, citing his vow of celibacy.",,,,,,,,,,,,,,,,,,,,,,,,
sam36,"Enraged, Amba swears to be the cause of Bhishma's death.",,,,,,,,,,,,,,,,,,,,,,,,
sam37,Amba is later reborn as Shikhandi.,,,,,,,,,,,,,,,,,,,,,,,,
sam38,Vichitravirya marries Ambika and Ambalika.,,,,,,,,,,,,,,,,,,,,,,,,
sam39,"Vichitravirya dies childless, leaving the dynasty without an heir.",,,,,,,,,,,,,,,,,,,,,,,,
sam40,"Satyavati summons her first-born son, the sage Vyasa, to perform Niyoga.",,,,,,,,,,,,,,,,,,,,,,,,
sam41,Ambika closes her eyes in fear of Vyasa.,,,,,,,,,,,,,,,,,,,,,,,,
sam42,"Dhritarashtra, son of Ambika and Vyasa, is born blind.",,,,,,,,,,,,,,,,,,,,,,,,
sam43,Ambalika turns pale with fear of Vyasa.,,,,,,,,,,,,,,,,,,,,,,,,
sam44,"Pandu, son of Ambalika and Vyasa, is born pale.",,,,,,,,,,,,,,,,,,,,,,,,
sam45,Satyavati asks Vyasa to try again with Ambika.,,,,,,,,,,,,,,,,,,,,,,,,
sam46,Ambika sends her respectful maid to Vyasa instead.,,,,,,,,,,,,,,,,,,,,,,,,
sam47,"Vidura, son of the maid and Vyasa, is born wise and righteous.",,,,,,,,,,,,,,,,,,,,,,,,
sam48,Dhritarashtra marries Gandhari.,,,,,,,,,,,,,,,,,,,,,,,,
sam49,Gandhari blindfolds herself for life in empathy for her husband.,,,,,,,,,,,,,,,,,,,,,,,,
sam50,"Gandhari has a long, difficult pregnancy.",,,,,,,,,,,,,,,,,,,,,,,,
sam51,Gandhari gives birth to a hard mass of flesh.,,,,,,,,,,,,,,,,,,,,,,,,
sam52,Vyasa divides the mass of flesh into 101 pots.,,,,,,,,,,,,,,,,,,,,,,,,
sam53,100 Kaurava sons (led by Duryodhana) and 1 daughter (Dushala) are born.,,,,,,,,,,,,,,,,,,,,,,,,
sam54,Pandu marries Kunti and Madri.,,,,,,,,,,,,,,,,,,,,,,,,
sam55,Pandu is cursed by the sage Kindama to die if he embraces his wives.,,,,,,,,,,,,,,,,,,,,,,,,
sam56,Kunti reveals to Pandu she has a divine boon to invoke gods for children.,,,,,,,,,,,,,,,,,,,,,,,,
sam57,"With Pandu's blessing, Kunti invokes Yama, begetting Yudhishthira.",,,,,,,,,,,,,,,,,,,,,,,,
sam58,"With Pandu's blessing, Kunti invokes Vayu, begetting Bhima.",,,,,,,,,,,,,,,,,,,,,,,,
sam59,"With Pandu's blessing, Kunti invokes Indra, begetting Arjuna.",,,,,,,,,,,,,,,,,,,,,,,,
sam60,Kunti shares the mantra with Madri.,,,,,,,,,,,,,,,,,,,,,,,,
sam61,"Madri invokes the Ashvini Kumaras, begetting the twins Nakula and Sahadeva.",,,,,,,,,,,,,,,,,,,,,,,,
sam62,"(Flashback) As a young girl, Kunti tested her boon, invoking Surya.",,,,,,,,,,,,,,,,,,,,,,,,
sam63,"Karna was born to Kunti and Surya, with divine armor and earrings.",,,,,,,,,,,,,,,,,,,,,,,,
sam64,"Fearing shame, the unmarried Kunti set Karna adrift in a river.",,,,,,,,,,,,,,,,,,,,,,,,
sam65,"Karna is found and raised by a charioteer, Adhiratha.",,,,,,,,,,,,,,,,,,,,,,,,
sam66,Pandu forgets his curse and embraces Madri in the forest.,,,,,,,,,,,,,,,,,,,,,,,,
sam67,"The curse takes effect, and Pandu dies instantly.",,,,,,,,,,,,,,,,,,,,,,,,
sam68,"Madri, in grief, commits sati on Pandu's funeral pyre.",,,,,,,,,,,,,,,,,,,,,,,,
sam69,Kunti is left to raise all five Pandavas.,,,,,,,,,,,,,,,,,,,,,,,,
sam70,Kunti and the five Pandavas return to the palace in Hastinapur.,,,,,,,,,,,,,,,,,,,,,,,,
sam71,The 100 Kauravas and 5 Pandavas grow up together.,,,,,,,,,,,,,,,,,,,,,,,,
sam72,"Rivalry begins, especially between Duryodhana and Bhima.",,,,,,,,,,,,,,,,,,,,,,,,
sam73,Drona (Dronacharya) is appointed as the princes' teacher.,,,,,,,,,,,,,,,,,,,,,,,,
sam74,"Drona holds a grudge against his childhood friend, King Drupada.",,,,,,,,,,,,,,,,,,,,,,,,
sam75,"Arjuna excels at archery, becoming Drona's favorite.",,,,,,,,,,,,,,,,,,,,,,,,
sam76,"Ekalavya, a tribal prince, is denied tutelage by Drona.",,,,,,,,,,,,,,,,,,,,,,,,
sam77,Ekalavya builds a statue of Drona and becomes a master archer.,,,,,,,,,,,,,,,,,,,,,,,,
sam78,"Drona, fearing Ekalavya will surpass Arjuna, demands his right thumb as guru-dakshina.",,,,,,,,,,,,,,,,,,,,,,,,
sam79,Ekalavya gives his thumb to Drona without hesitation.,,,,,,,,,,,,,,,,,,,,,,,,
sam80,"At a public exhibition, Arjuna is declared the supreme archer.",,,,,,,,,,,,,,,,,,,,,,,,
sam81,Karna appears and challenges Arjuna.,,,,,,,,,,,,,,,,,,,,,,,,
sam82,Karna is mocked for his low (charioteer) birth.,,,,,,,,,,,,,,,,,,,,,,,,
sam83,"Duryodhana, seeing an ally, crowns Karna King of Anga.",,,,,,,,,,,,,,,,,,,,,,,,
sam84,The lifelong friendship between Duryodhana and Karna is sealed.,,,,,,,,,,,,,,,,,,,,,,,,
sam85,The lifelong rivalry between Karna and Arjuna is sealed.,,,,,,,,,,,,,,,,,,,,,,,,
sam86,Drona asks for his guru-dakshina: the defeat of King Drupada.,,,,,,,,,,,,,,,,,,,,,,,,
sam87,The Kauravas attack Drupada but fail.,,,,,,,,,,,,,,,,,,,,,,,,
sam88,"The Pandavas (led by Arjuna) attack Drupada and succeed, capturing him.",,,,,,,,,,,,,,,,,,,,,,,,
sam89,Drona takes half of Drupada's kingdom as his revenge.,,,,,,,,,,,,,,,,,,,,,,,,
sam90,The humiliated King Drupada performs a great sacrifice.,,,,,,,,,,,,,,,,,,,,,,,,
sam91,"From the sacrifice, Dhrishtadyumna is born (to kill Drona).",,,,,,,,,,,,,,,,,,,,,,,,
sam92,"From the sacrifice, Draupadi is born (to marry Arjuna).",,,,,,,,,,,,,,,,,,,,,,,,
Jatugriha-daha Parva,,,,,,,,,,,,,,,,,,,,,,,,,
jat1,Duryodhana's jealousy of the Pandavas and their popularity grows.,,,,,,,,,,,,,,,,,,,,,,,,
jat2,"Advised by Shakuni, Duryodhana convinces Dhritarashtra to send Pandavas to Varanavata.",,,,,,,,,,,,,,,,,,,,,,,,
jat3,"Duryodhana has a palace of highly flammable materials (lac, resin) built in Varanavata.",,,,,,,,,,,,,,,,,,,,,,,,
jat4,Vidura learns of the plot to burn the Pandavas alive.,,,,,,,,,,,,,,,,,,,,,,,,
jat5,Vidura warns Yudhishthira in a coded message.,,,,,,,,,,,,,,,,,,,,,,,,
jat6,Vidura sends a miner to the Pandavas.,,,,,,,,,,,,,,,,,,,,,,,,
jat7,The miner digs a secret escape tunnel from the lacquer house.,,,,,,,,,,,,,,,,,,,,,,,,
jat8,Kunti holds a feast at the palace.,,,,,,,,,,,,,,,,,,,,,,,,
jat9,"A forest woman and her five sons attend the feast, get drunk, and fall asleep.",,,,,,,,,,,,,,,,,,,,,,,,
jat10,Bhima sets fire to the lacquer house himself.,,,,,,,,,,,,,,,,,,,,,,,,
jat11,The Pandavas and Kunti escape through the secret tunnel into the forest.,,,,,,,,,,,,,,,,,,,,,,,,
jat12,The charred remains of the woman and her five sons are found.,,,,,,,,,,,,,,,,,,,,,,,,
jat13,The world (Hastinapur) believes the Pandavas and Kunti are dead.,,,,,,,,,,,,,,,,,,,,,,,,
Hidimba-vadha Parva,,,,,,,,,,,,,,,,,,,,,,,,,
hid1,The Pandavas and Kunti are discovered by the Rakshasa Hidimba and his sister Hidimbi.,,,,,,,,,,,,,,,,,,,,,,,,
hid2,Hidimba sends Hidimbi to lure the humans for him to eat.,,,,,,,,,,,,,,,,,,,,,,,,
hid3,Hidimbi falls in love with Bhima.,,,,,,,,,,,,,,,,,,,,,,,,
hid4,Hidimbi warns Bhima about her brother's plan.,,,,,,,,,,,,,,,,,,,,,,,,
hid5,"Hidimba, enraged at the delay, attacks the Pandavas.",,,,,,,,,,,,,,,,,,,,,,,,
hid6,Bhima fights and kills the Rakshasa Hidimba.,,,,,,,,,,,,,,,,,,,,,,,,
hid7,Kunti allows Bhima to marry the kind Hidimbi.,,,,,,,,,,,,,,,,,,,,,,,,
hid8,"Ghatotkacha (half-human, half-rakshasa) is born to Bhima and Hidimbi.",,,,,,,,,,,,,,,,,,,,,,,,
hid9,Ghatotkacha promises to return whenever the Pandavas need him.,,,,,,,,,,,,,,,,,,,,,,,,
Baka-vadha Parva,,,,,,,,,,,,,,,,,,,,,,,,,
bak1,"The Pandavas, disguised as Brahmins, take shelter in the town of Ekachakra.",,,,,,,,,,,,,,,,,,,,,,,,
bak2,They learn the town is terrorized by the demon Bakasura.,,,,,,,,,,,,,,,,,,,,,,,,
bak3,Bakasura demands a weekly tribute of a cart of food and one human.,,,,,,,,,,,,,,,,,,,,,,,,
bak4,The Brahmin host family's turn arrives to provide the victim.,,,,,,,,,,,,,,,,,,,,,,,,
bak5,Kunti overhears the family's sorrow and volunteers Bhima to go.,,,,,,,,,,,,,,,,,,,,,,,,
bak6,"Bhima takes the food cart to the demon's cave, eating all the food on the way.",,,,,,,,,,,,,,,,,,,,,,,,
bak7,The enraged Bakasura attacks Bhima.,,,,,,,,,,,,,,,,,,,,,,,,
bak8,"Bhima pummels and kills Bakasura, freeing the town.",,,,,,,,,,,,,,,,,,,,,,,,
Chaitraratha Parva,,,,,,,,,,,,,,,,,,,,,,,,,
cha1,The Pandavas hear of the Swayamvara of Draupadi (princess of Panchala).,,,,,,,,,,,,,,,,,,,,,,,,
cha2,"The Pandavas decide to attend the Swayamvara, still disguised as Brahmins.",,,,,,,,,,,,,,,,,,,,,,,,
cha3,"On the way, they encounter the Gandharva Angaraparna.",,,,,,,,,,,,,,,,,,,,,,,,
cha4,Arjuna defeats Angaraparna in battle.,,,,,,,,,,,,,,,,,,,,,,,,
cha5,Angaraparna tells them the story of Tapati and Samvarana.,,,,,,,,,,,,,,,,,,,,,,,,
Swayamvara Parva,,,,,,,,,,,,,,,,,,,,,,,,,
swa1,The Pandavas arrive at King Drupada's court in Panchala.,,,,,,,,,,,,,,,,,,,,,,,,
swa2,"Drupada has set an ""impossible"" test: string a divine bow and shoot a fish's eye using only its reflection.",,,,,,,,,,,,,,,,,,,,,,,,
swa3,"All the great kings and princes, including Duryodhana and Shalya, fail the test.",,,,,,,,,,,,,,,,,,,,,,,,
swa4,Karna succeeds in stringing the bow.,,,,,,,,,,,,,,,,,,,,,,,,
swa5,Draupadi declares she will not marry a suta-putra (charioteer's son).,,,,,,,,,,,,,,,,,,,,,,,,
swa6,The disguised Arjuna steps up to the challenge.,,,,,,,,,,,,,,,,,,,,,,,,
swa7,Arjuna effortlessly strings the bow and pierces the fish's eye.,,,,,,,,,,,,,,,,,,,,,,,,
swa8,"Draupadi garlands Arjuna, choosing him as her husband.",,,,,,,,,,,,,,,,,,,,,,,,
swa9,"The other kings, outraged that a Brahmin won, attack.",,,,,,,,,,,,,,,,,,,,,,,,
swa10,Bhima and Arjuna fight and defeat the enraged kings.,,,,,,,,,,,,,,,,,,,,,,,,
swa11,"Krishna and Balarama, who are present, recognize the Pandavas.",,,,,,,,,,,,,,,,,,,,,,,,
Vaivahika Parva,,,,,,,,,,,,,,,,,,,,,,,,,
vai1,The Pandavas return to their hut with Draupadi.,,,,,,,,,,,,,,,,,,,,,,,,
vai2,"They call out to Kunti, ""We have brought back a great alms!""",,,,,,,,,,,,,,,,,,,,,,,,
vai3,"Kunti, without looking, replies, ""You must share it equally among you.""",,,,,,,,,,,,,,,,,,,,,,,,
vai4,Kunti sees Draupadi and is horrified by her own words.,,,,,,,,,,,,,,,,,,,,,,,,
vai5,Yudhishthira declares his mother's word cannot be taken back.,,,,,,,,,,,,,,,,,,,,,,,,
vai6,The sage Vyasa arrives to resolve the dilemma.,,,,,,,,,,,,,,,,,,,,,,,,
vai7,Vyasa explains Draupadi's past life: she prayed to Shiva five times for a husband.,,,,,,,,,,,,,,,,,,,,,,,,
vai8,Vyasa states the polyandrous marriage is her destiny.,,,,,,,,,,,,,,,,,,,,,,,,
vai9,King Drupada agrees to the arrangement.,,,,,,,,,,,,,,,,,,,,,,,,
vai10,Draupadi is formally married to all five Pandava brothers.,,,,,,,,,,,,,,,,,,,,,,,,
Viduragamana Parva,,,,,,,,,,,,,,,,,,,,,,,,,
vid1,News that the Pandavas are alive and allied with Drupada reaches Hastinapur.,,,,,,,,,,,,,,,,,,,,,,,,
vid2,"Dhritarashtra, fearing their new power, feigns happiness.",,,,,,,,,,,,,,,,,,,,,,,,
vid3,Dhritarashtra sends Vidura to Panchala to invite the Pandavas back.,,,,,,,,,,,,,,,,,,,,,,,,
Rajya-labha Parva,,,,,,,,,,,,,,,,,,,,,,,,,
raj1,The Pandavas and Draupadi return to Hastinapur.,,,,,,,,,,,,,,,,,,,,,,,,
raj2,"The elders (Bhishma, Drona, Vidura) advise Dhritarashtra to divide the kingdom.",,,,,,,,,,,,,,,,,,,,,,,,
raj3,Dhritarashtra gives the Pandavas the barren forest-land of Khandavaprastha.,,,,,,,,,,,,,,,,,,,,,,,,
raj4,"Duryodhana and the Kauravas keep the fertile, prosperous Hastinapur.",,,,,,,,,,,,,,,,,,,,,,,,
raj5,"The Pandavas accept the ""barren"" half of the kingdom.",,,,,,,,,,,,,,,,,,,,,,,,
raj6,"With help from Krishna and the Asura architect Maya, the Pandavas clear the forest.",,,,,,,,,,,,,,,,,,,,,,,,
raj7,The Pandavas build the magnificent new capital city of Indraprastha.,,,,,,,,,,,,,,,,,,,,,,,,
Arjuna-vanavasa Parva,,,,,,,,,,,,,,,,,,,,,,,,,
arv1,The Pandavas and Draupadi establish a rule for their polyandrous marriage.,,,,,,,,,,,,,,,,,,,,,,,,
arv2,"The rule: If one brother enters the room while Draupadi is with another, he must go into a 12-year exile.",,,,,,,,,,,,,,,,,,,,,,,,
arv3,"A Brahmin's cows are stolen, and he begs Arjuna for help.",,,,,,,,,,,,,,,,,,,,,,,,
arv4,Arjuna's weapons are in the room where Yudhishthira and Draupadi are.,,,,,,,,,,,,,,,,,,,,,,,,
arv5,"To uphold his dharma, Arjuna breaks the pact and enters the room.",,,,,,,,,,,,,,,,,,,,,,,,
arv6,Arjuna retrieves his weapons and saves the Brahmin's cows.,,,,,,,,,,,,,,,,,,,,,,,,
arv7,"Despite protests, Arjuna insists on honoring the pact and goes into exile for 12 years.",,,,,,,,,,,,,,,,,,,,,,,,
arv8,"During his exile, Arjuna marries the Naga princess Ulupi.",,,,,,,,,,,,,,,,,,,,,,,,
arv9,"During his exile, Arjuna marries Chitrangada, princess of Manipur.",,,,,,,,,,,,,,,,,,,,,,,,
arv10,"A son, Babruvahana, is born to Arjuna and Chitrangada.",,,,,,,,,,,,,,,,,,,,,,,,
Subhadra-harana Parva,,,,,,,,,,,,,,,,,,,,,,,,,
sub1,"Towards the end of his exile, Arjuna travels to Dwarka.",,,,,,,,,,,,,,,,,,,,,,,,
sub2,"Arjuna falls in love with Subhadra, Krishna's sister.",,,,,,,,,,,,,,,,,,,,,,,,
sub3,"Krishna advises Arjuna to ""abduct"" Subhadra, as it is a heroic Kshatriya custom.",,,,,,,,,,,,,,,,,,,,,,,,
sub4,Arjuna abducts Subhadra.,,,,,,,,,,,,,,,,,,,,,,,,
sub5,"With Krishna's blessing, Arjuna and Subhadra are married.",,,,,,,,,,,,,,,,,,,,,,,,
sub6,"A son, Abhimanyu, is later born to Arjuna and Subhadra.",,,,,,,,,,,,,,,,,,,,,,,,
Harana-harika Parva,,,,,,,,,,,,,,,,,,,,,,,,,
har1,"Arjuna returns to Indraprastha with his new wife, Subhadra.",,,,,,,,,,,,,,,,,,,,,,,,
har2,"Draupadi, after initial jealousy, accepts Subhadra as a co-wife.",,,,,,,,,,,,,,,,,,,,,,,,
har3,"Draupadi gives birth to five sons (one from each Pandava), the Upapandavas.",,,,,,,,,,,,,,,,,,,,,,,,
Khandava-daha Parva,,,,,,,,,,,,,,,,,,,,,,,,,
kha1,Agni (Fire God) suffers from indigestion and needs to burn the Khandava forest.,,,,,,,,,,,,,,,,,,,,,,,,
kha2,"Lord Indra protects the forest, as it is home to his friend, the serpent Takshaka.",,,,,,,,,,,,,,,,,,,,,,,,
kha3,Agni asks Krishna and Arjuna for help to burn the forest.,,,,,,,,,,,,,,,,,,,,,,,,
kha4,Krishna and Arjuna agree to help Agni.,,,,,,,,,,,,,,,,,,,,,,,,
kha5,"To battle Indra, Agni gives the Gandiva bow to Arjuna.",,,,,,,,,,,,,,,,,,,,,,,,
kha6,"To battle Indra, Agni gives the Sudarshana Chakra to Krishna.",,,,,,,,,,,,,,,,,,,,,,,,
kha7,Krishna and Arjuna fight off Indra and all other gods/demons trying to stop the fire.,,,,,,,,,,,,,,,,,,,,,,,,
kha8,"The entire Khandava forest is burnt to the ground, curing Agni.",,,,,,,,,,,,,,,,,,,,,,,,
kha9,Only a few beings are saved: the Asura architect Maya and the serpent Takshaka (who was absent).,,,,,,,,,,,,,,,,,,,,,,,,
kha10,"(Link to next Parva) The Pandavas are established in Indraprastha with divine weapons, setting the stage for the Sabha Parva.",,,,,,,,,,,,,,,,,,,,,,,,
Sabhakriya Parva,,,,,,,,,,,,,,,,,,,,,,,,,
sab1,"Maya, the Asura architect saved from the Khandava fire, approaches the Pandavas.",,,,,,,,,,,,,,,,,,,,,,,,
sab2,"In gratitude, Maya offers to build a magnificent, one-of-a-kind assembly hall (Sabha) for Yudhishthira.",,,,,,,,,,,,,,,,,,,,,,,,
sab3,"Maya builds the unparalleled palace at Indraprastha, filled with illusions (water looks like floor, floor looks like water).",,,,,,,,,,,,,,,,,,,,,,,,
sab4,Maya retrieves and presents a divine club (gada) to Bhima.,,,,,,,,,,,,,,,,,,,,,,,,
sab5,"Maya gives the divine conch shell, Devadatta, to Arjuna.",,,,,,,,,,,,,,,,,,,,,,,,
Lokapala Sabhakhayana Parva,,,,,,,,,,,,,,,,,,,,,,,,,
sab6,The great sage Narada visits the Pandavas in their new Sabha.,,,,,,,,,,,,,,,,,,,,,,,,
sab7,"Narada describes the even greater, divine assembly halls of Indra, Varuna, Kubera, Yama, and Brahma.",,,,,,,,,,,,,,,,,,,,,,,,
sab8,Narada delivers a message from King Pandu in heaven.,,,,,,,,,,,,,,,,,,,,,,,,
sab9,Pandu's message: He longs for Yudhishthira to perform the Rajasuya Yagna and achieve the status of Samrat (Emperor).,,,,,,,,,,,,,,,,,,,,,,,,
Rajasuyarambha Parva,,,,,,,,,,,,,,,,,,,,,,,,,
sab10,The seed for the Rajasuya Yagna is planted in Yudhishthira's mind.,,,,,,,,,,,,,,,,,,,,,,,,
sab11,"Yudhishthira hesitates, as the Rajasuya requires conquering kings, which involves violence.",,,,,,,,,,,,,,,,,,,,,,,,
sab12,Yudhishthira summons Krishna for counsel regarding the Yagna.,,,,,,,,,,,,,,,,,,,,,,,,
sab13,"Krishna supports the idea, stating Yudhishthira is worthy of the title of Emperor.",,,,,,,,,,,,,,,,,,,,,,,,
sab14,"Krishna warns Yudhishthira of one supreme obstacle: Jarasandha, the King of Magadha.",,,,,,,,,,,,,,,,,,,,,,,,
sab15,Krishna explains Jarasandha has imprisoned 86 kings to be sacrificed.,,,,,,,,,,,,,,,,,,,,,,,,
sab16,Krishna states the Rajasuya Yagna is impossible as long as Jarasandha lives.,,,,,,,,,,,,,,,,,,,,,,,,
Jarasandha-vadha Parva,,,,,,,,,,,,,,,,,,,,,,,,,
sab17,"Krishna devises a plan to kill Jarasandha in a duel, not a conventional war.",,,,,,,,,,,,,,,,,,,,,,,,
sab18,"Krishna, Bhima, and Arjuna travel to Magadha disguised as Brahmins.",,,,,,,,,,,,,,,,,,,,,,,,
sab19,They reveal their identities and challenge Jarasandha to a duel.,,,,,,,,,,,,,,,,,,,,,,,,
sab20,"Jarasandha, a great warrior, chooses the mighty Bhima as his opponent.",,,,,,,,,,,,,,,,,,,,,,,,
sab21,Bhima and Jarasandha engage in a ferocious wrestling match that lasts for 14 days.,,,,,,,,,,,,,,,,,,,,,,,,
sab22,Bhima is unable to kill Jarasandha because the king's body magically rejoins when split.,,,,,,,,,,,,,,,,,,,,,,,,
sab23,Krishna signals Bhima by tearing a blade of grass in two and throwing the halves in opposite directions.,,,,,,,,,,,,,,,,,,,,,,,,
sab24,"Bhima understands the signal, rips Jarasandha's body in two, and throws the halves in opposite directions.",,,,,,,,,,,,,,,,,,,,,,,,
sab25,Jarasandha is permanently killed.,,,,,,,,,,,,,,,,,,,,,,,,
sab26,The Pandavas free the 86 kings imprisoned by Jarasandha.,,,,,,,,,,,,,,,,,,,,,,,,
sab27,"The 86 liberated kings, in gratitude, swear allegiance to Yudhishthira for his Rajasuya Yagna.",,,,,,,,,,,,,,,,,,,,,,,,
Digvijaya Parva,,,,,,,,,,,,,,,,,,,,,,,,,
sab28,"To be declared Emperor, Yudhishthira dispatches his brothers on the Digvijaya (Conquest of the World).",,,,,,,,,,,,,,,,,,,,,,,,
sab29,Arjuna goes North and conquers all kingdoms.,,,,,,,,,,,,,,,,,,,,,,,,
sab30,Bhima goes East and conquers all kingdoms.,,,,,,,,,,,,,,,,,,,,,,,,
sab31,Sahadeva goes South and conquers all kingdoms.,,,,,,,,,,,,,,,,,,,,,,,,
sab32,Nakula goes West and conquers all kingdoms.,,,,,,,,,,,,,,,,,,,,,,,,
sab33,"All four brothers return to Indraprastha victorious, with immense treasure and the fealty of all kings.",,,,,,,,,,,,,,,,,,,,,,,,
Rajasuyika Parva,,,,,,,,,,,,,,,,,,,,,,,,,
sab34,The Rajasuya Yagna begins at Indraprastha.,,,,,,,,,,,,,,,,,,,,,,,,
sab35,"Kings, sages, and Brahmins from every known land are invited.",,,,,,,,,,,,,,,,,,,,,,,,
sab36,Yudhishthira honors guests by assigning them ceremonial duties.,,,,,,,,,,,,,,,,,,,,,,,,
sab37,"Duryodhana is made treasurer, forcing him to receive the massive tributes and fueling his jealousy.",,,,,,,,,,,,,,,,,,,,,,,,
sab38,The ceremony is a magnificent success.,,,,,,,,,,,,,,,,,,,,,,,,
sab39,Yudhishthira is consecrated as Chakravartin Samrat (Emperor of the World).,,,,,,,,,,,,,,,,,,,,,,,,
Arghyaharana Parva,,,,,,,,,,,,,,,,,,,,,,,,,
sab40,"At the Yagna's climax, it is time to give the Arghya (first offering of honor) to the most pre-eminent guest.",,,,,,,,,,,,,,,,,,,,,,,,
sab41,The elder Bhishma declares that Lord Krishna is the greatest and most divine being present and deserves the first honor.,,,,,,,,,,,,,,,,,,,,,,,,
sab42,"Yudhishthira agrees, and Sahadeva begins the rites to honor Krishna.",,,,,,,,,,,,,,,,,,,,,,,,
Shishupala-vadha Parva,,,,,,,,,,,,,,,,,,,,,,,,,
sab43,"Shishupala, King of Chedi, is enraged by Krishna's selection for the first honor.",,,,,,,,,,,,,,,,,,,,,,,,
sab44,"Shishupala stands and violently insults Krishna, Bhishma, and Yudhishthira in front of the entire assembly.",,,,,,,,,,,,,,,,,,,,,,,,
sab45,(Flashback) Krishna had promised his aunt (Shishupala's mother) to forgive her son 100 offenses.,,,,,,,,,,,,,,,,,,,,,,,,
sab46,Krishna calmly counts each of Shishupala's insults.,,,,,,,,,,,,,,,,,,,,,,,,
sab47,Shishupala crosses the 100-offense limit with his tirade.,,,,,,,,,,,,,,,,,,,,,,,,
sab48,Krishna declares his vow is complete and summons his Sudarshana Chakra.,,,,,,,,,,,,,,,,,,,,,,,,
sab49,The Sudarshana Chakra flies across the hall and beheads Shishupala.,,,,,,,,,,,,,,,,,,,,,,,,
sab50,Shishupala's soul is seen as a bright light merging into Krishna's body.,,,,,,,,,,,,,,,,,,,,,,,,
sab51,The Rajasuya Yagna is successfully completed.,,,,,,,,,,,,,,,,,,,,,,,,
Dyuta Parva,,,,,,,,,,,,,,,,,,,,,,,,,
sab52,"After the Yagna, Duryodhana stays to tour Maya's magical palace.",,,,,,,,,,,,,,,,,,,,,,,,
sab53,"Duryodhana is utterly humiliated by the illusions, falling into a pool he thought was a floor.",,,,,,,,,,,,,,,,,,,,,,,,
sab54,"Bhima, Draupadi, and others laugh at Duryodhana's misfortune.",,,,,,,,,,,,,,,,,,,,,,,,
sab55,"Duryodhana returns to Hastinapur, consumed by a ""fever of jealousy.""",,,,,,,,,,,,,,,,,,,,,,,,
sab56,"Duryodhana tells his uncle, Shakuni, that he wants to die.",,,,,,,,,,,,,,,,,,,,,,,,
sab57,Shakuni devises a plot to defeat the Pandavas.,,,,,,,,,,,,,,,,,,,,,,,,
sab58,"Shakuni: ""Yudhishthira loves to gamble... I will play on your behalf with my loaded dice and win his kingdom.""",,,,,,,,,,,,,,,,,,,,,,,,
sab59,"Duryodhana convinces his father, Dhritarashtra, to approve the plan.",,,,,,,,,,,,,,,,,,,,,,,,
sab60,"Dhritarashtra summons the Pandavas to Hastinapur for a ""friendly game of dice.""",,,,,,,,,,,,,,,,,,,,,,,,
sab61,"Yudhishthira, bound by the Kshatriya code, feels he must accept the challenge.",,,,,,,,,,,,,,,,,,,,,,,,
sab62,"The game begins, with Shakuni playing on Duryodhana's behalf.",,,,,,,,,,,,,,,,,,,,,,,,
sab63,"Shakuni, using his magical loaded dice, wins every single throw.",,,,,,,,,,,,,,,,,,,,,,,,
sab64,Yudhishthira first bets and loses his jewels and treasury.,,,,,,,,,,,,,,,,,,,,,,,,
sab65,"Yudhishthira bets and loses his army, chariots, and elephants.",,,,,,,,,,,,,,,,,,,,,,,,
sab66,Yudhishthira bets and loses his entire kingdom of Indraprastha.,,,,,,,,,,,,,,,,,,,,,,,,
sab67,"Yudhishthira bets and loses his brothers, one by one, as slaves.",,,,,,,,,,,,,,,,,,,,,,,,
sab68,"Yudhishthira bets and loses himself, becoming a slave.",,,,,,,,,,,,,,,,,,,,,,,,
sab69,"Shakuni taunts Yudhishthira: ""You have one prize leftâ€”your wife, Draupadi.""",,,,,,,,,,,,,,,,,,,,,,,,
sab70,"Yudhishthira, in despair and with clouded judgment, bets Draupadi.",,,,,,,,,,,,,,,,,,,,,,,,
sab71,Shakuni rolls the dice and wins Draupadi.,,,,,,,,,,,,,,,,,,,,,,,,
Anudyuta Parva,,,,,,,,,,,,,,,,,,,,,,,,,
sab72,Duryodhana orders his brother Dushasana to drag Draupadi into the assembly.,,,,,,,,,,,,,,,,,,,,,,,,
sab73,Dushasana seizes Draupadi (who is in her monthly course and wearing a single cloth) by the hair and drags her into the hall.,,,,,,,,,,,,,,,,,,,,,,,,
sab74,"Draupadi asks the assembly the legal question: ""Did Yudhishthira have the right to wager me after he had already lost himself?""",,,,,,,,,,,,,,,,,,,,,,,,
sab75,"The elders (Bhishma, Drona) are silent, their heads bowed in shame.",,,,,,,,,,,,,,,,,,,,,,,,
sab76,"Karna, siding with Duryodhana, calls Draupadi a slave.",,,,,,,,,,,,,,,,,,,,,,,,
sab77,Duryodhana orders Dushasana to disrobe Draupadi publicly.,,,,,,,,,,,,,,,,,,,,,,,,
sab78,Dushasana begins to pull at Draupadi's sari.,,,,,,,,,,,,,,,,,,,,,,,,
sab79,"Draupadi, seeing no mortal will help her, prays to Lord Krishna.",,,,,,,,,,,,,,,,,,,,,,,,
sab80,"Krishna performs a miracle, supplying an endless length of cloth.",,,,,,,,,,,,,,,,,,,,,,,,
sab81,Dushasana pulls until he collapses from exhaustion; Draupadi's honor is saved.,,,,,,,,,,,,,,,,,,,,,,,,
sab82,"Enraged, Bhima swears an oath to tear open Dushasana's chest in battle and drink his blood.",,,,,,,,,,,,,,,,,,,,,,,,
sab83,"Enraged, Bhima swears an oath to break Duryodhana's thigh (who had bared it to Draupadi).",,,,,,,,,,,,,,,,,,,,,,,,
sab84,"Terrible omens (howling jackals, dark clouds) fill the land.",,,,,,,,,,,,,,,,,,,,,,,,
sab85,"Dhritarashtra, terrified by the omens, finally intervenes.",,,,,,,,,,,,,,,,,,,,,,,,
sab86,Dhritarashtra offers Draupadi three boons to stop the omens.,,,,,,,,,,,,,,,,,,,,,,,,
sab87,Draupadi's first boon: Yudhishthira is freed from slavery.,,,,,,,,,,,,,,,,,,,,,,,,
sab88,Draupadi's second boon: Her other four husbands and their weapons are freed.,,,,,,,,,,,,,,,,,,,,,,,,
sab89,Draupadi refuses a third boon.,,,,,,,,,,,,,,,,,,,,,,,,
sab90,"Dhritarashtra restores the Pandavas' kingdom, wealth, and freedom.",,,,,,,,,,,,,,,,,,,,,,,,
sab91,The Pandavas are allowed to return to Indraprastha.,,,,,,,,,,,,,,,,,,,,,,,,
sab92,"Duryodhana, furious at this reversal, confronts Dhritarashtra.",,,,,,,,,,,,,,,,,,,,,,,,
sab93,Duryodhana argues the Pandavas will now be filled with vengeance and will destroy them.,,,,,,,,,,,,,,,,,,,,,,,,
sab94,Duryodhana convinces Dhritarashtra to call the Pandavas back for one final game of dice.,,,,,,,,,,,,,,,,,,,,,,,,
sab95,"The terms of the final game: 12 years of forest exile + 1 year incognito. If discovered, the exile repeats.",,,,,,,,,,,,,,,,,,,,,,,,
sab96,"Yudhishthira is summoned again and, bound by the code, feels he cannot refuse.",,,,,,,,,,,,,,,,,,,,,,,,
sab97,"The final game is played, and Shakuni wins.",,,,,,,,,,,,,,,,,,,,,,,,
sab98,The Pandavas and Draupadi are forced to remove their royal robes and wear the bark of trees.,,,,,,,,,,,,,,,,,,,,,,,,
sab99,The Pandavas and Draupadi are banished and begin their 12-year exile in the forest.,,,,,,,,,,,,,,,,,,,,,,,,
sab100,"The Sabha Parva ends, leading into the Vana Parva.",,,,,,,,,,,,,,,,,,,,,,,,
Aranyaka Parva,,,,,,,,,,,,,,,,,,,,,,,,,
vp1,The Pandavas & Draupadi begin their 12-year exile + 1-year incognito.,,,,,,,,,,,,,,,,,,,,,,,,
vp2,They remove their royal robes and wear tree bark.,,,,,,,,,,,,,,,,,,,,,,,,
vp3,Many loyal Brahmins and citizens follow the Pandavas into the Kamyaka forest.,,,,,,,,,,,,,,,,,,,,,,,,
vp4,"Yudhishthira is distressed, as he has no food to offer his followers.",,,,,,,,,,,,,,,,,,,,,,,,
vp5,"Yudhishthira prays to the Sun God, Surya.",,,,,,,,,,,,,,,,,,,,,,,,
vp6,Surya grants Yudhishthira the Akshaya Patra (The Inexhaustible Vessel).,,,,,,,,,,,,,,,,,,,,,,,,
vp7,The pot produces an endless supply of food each day until Draupadi has eaten.,,,,,,,,,,,,,,,,,,,,,,,,
vp8,(In Hastinapur) Vidura furiously condemns Dhritarashtra's actions.,,,,,,,,,,,,,,,,,,,,,,,,
vp9,"Duryodhana, enraged, insults Vidura.",,,,,,,,,,,,,,,,,,,,,,,,
vp10,Vidura briefly leaves Hastinapur and joins the Pandavas in the forest.,,,,,,,,,,,,,,,,,,,,,,,,
vp11,"Dhritarashtra, realizing his folly, sends Sanjaya to bring Vidura back.",,,,,,,,,,,,,,,,,,,,,,,,
vp12,Krishna visits the Pandavas in the Kamyaka forest.,,,,,,,,,,,,,,,,,,,,,,,,
vp13,Draupadi laments her humiliation to Krishna.,,,,,,,,,,,,,,,,,,,,,,,,
vp14,Krishna vows he will ensure the Pandavas are victorious and their enemies are destroyed.,,,,,,,,,,,,,,,,,,,,,,,,
vp15,The Pandavas move to the Dvaita forest.,,,,,,,,,,,,,,,,,,,,,,,,
vp16,The Rakshasa Kirmira (brother of Bakasura) attacks the Pandavas.,,,,,,,,,,,,,,,,,,,,,,,,
vp17,Bhima fights and kills the demon Kirmira.,,,,,,,,,,,,,,,,,,,,,,,,
Kairata Parva,,,,,,,,,,,,,,,,,,,,,,,,,
vp18,The sage Vyasa visits the Pandavas.,,,,,,,,,,,,,,,,,,,,,,,,
vp19,Vyasa advises the Pandavas to use their exile to acquire divine weapons.,,,,,,,,,,,,,,,,,,,,,,,,
vp20,Vyasa instructs Arjuna to travel to the Himalayas to propitiate Lord Shiva.,,,,,,,,,,,,,,,,,,,,,,,,
vp21,Arjuna undertakes the difficult journey and performs severe penance.,,,,,,,,,,,,,,,,,,,,,,,,
vp22,"Lord Shiva, disguised as a Kirata (mountain hunter), appears to test Arjuna.",,,,,,,,,,,,,,,,,,,,,,,,
vp23,A demon disguised as a great wild boar charges at Arjuna.,,,,,,,,,,,,,,,,,,,,,,,,
vp24,Both Arjuna and the Kirata shoot the boar at the same time.,,,,,,,,,,,,,,,,,,,,,,,,
vp25,Arjuna and the Kirata argue over who killed the boar.,,,,,,,,,,,,,,,,,,,,,,,,
vp26,The argument escalates into a fierce duel.,,,,,,,,,,,,,,,,,,,,,,,,
vp27,The Kirata effortlessly counters all of Arjuna's attacks and divine weapons.,,,,,,,,,,,,,,,,,,,,,,,,
vp28,"Arjuna is disarmed, wrestles the hunter, and is overpowered.",,,,,,,,,,,,,,,,,,,,,,,,
vp29,A humiliated Arjuna creates a mud lingam and prays to Shiva.,,,,,,,,,,,,,,,,,,,,,,,,
vp30,A flower placed on the lingam magically appears on the hunter's head.,,,,,,,,,,,,,,,,,,,,,,,,
vp31,Arjuna realizes the hunter is Lord Shiva.,,,,,,,,,,,,,,,,,,,,,,,,
vp32,"Pleased, Shiva grants Arjuna the Pashupatastra, his most powerful weapon.",,,,,,,,,,,,,,,,,,,,,,,,
vp33,"The other gods appear, and Arjuna is taken to Indraloka (heaven) by his father, Indra.",,,,,,,,,,,,,,,,,,,,,,,,
vp34,Arjuna spends five years in heaven mastering all celestial weapons (Astras).,,,,,,,,,,,,,,,,,,,,,,,,
vp35,The Apsara Urvashi becomes infatuated with Arjuna.,,,,,,,,,,,,,,,,,,,,,,,,
vp36,"Arjuna politely rejects Urvashi, viewing her as a mother-figure.",,,,,,,,,,,,,,,,,,,,,,,,
vp37,"Angered, Urvashi curses Arjuna to become a eunuch (Kliba).",,,,,,,,,,,,,,,,,,,,,,,,
vp38,Indra modifies the curse to last for only one year.,,,,,,,,,,,,,,,,,,,,,,,,
vp39,Indra tells Arjuna this curse will be the perfect disguise for his 13th year incognito.,,,,,,,,,,,,,,,,,,,,,,,,
Tirtha-yatra Parva,,,,,,,,,,,,,,,,,,,,,,,,,
vp40,The remaining Pandavas (missing Arjuna) embark on a great pilgrimage (Tirtha-yatra).,,,,,,,,,,,,,,,,,,,,,,,,
vp41,A divine Saugandhika flower wafts by Draupadi.,,,,,,,,,,,,,,,,,,,,,,,,
vp42,"Draupadi, enchanted, asks Bhima to fetch more.",,,,,,,,,,,,,,,,,,,,,,,,
vp43,"On his quest, Bhima's path is blocked by an old monkey (Hanuman).",,,,,,,,,,,,,,,,,,,,,,,,
vp44,Bhima arrogantly orders the monkey to move.,,,,,,,,,,,,,,,,,,,,,,,,
vp45,"Hanuman, still disguised, asks Bhima to just move his tail.",,,,,,,,,,,,,,,,,,,,,,,,
vp46,"Bhima tries to lift the tail but cannot budge it, even with all his strength.",,,,,,,,,,,,,,,,,,,,,,,,
vp47,"Humbled, Bhima realizes the monkey is divine.",,,,,,,,,,,,,,,,,,,,,,,,
vp48,"The monkey reveals himself as Hanuman, Bhima's spiritual brother (both sons of Vayu).",,,,,,,,,,,,,,,,,,,,,,,,
vp49,Hanuman blesses Bhima and promises to sit on Arjuna's flag in the future war.,,,,,,,,,,,,,,,,,,,,,,,,
vp50,Bhima continues his quest and reaches Kubera's celestial garden.,,,,,,,,,,,,,,,,,,,,,,,,
vp51,"Bhima is confronted by Yaksha and Rakshasa guards, including the demon Manimana.",,,,,,,,,,,,,,,,,,,,,,,,
vp52,Bhima kills the guards and Manimana and gathers the flowers for Draupadi.,,,,,,,,,,,,,,,,,,,,,,,,
vp53,"A Rakshasa named Jatasura, disguised as a Brahmin, gains the Pandavas' trust.",,,,,,,,,,,,,,,,,,,,,,,,
vp54,"While Bhima is away, Jatasura seizes Draupadi, Yudhishthira, Nakula, and Sahadeva.",,,,,,,,,,,,,,,,,,,,,,,,
vp55,"Bhima returns, tracks Jatasura, and kills him in a brutal fight.",,,,,,,,,,,,,,,,,,,,,,,,
vp56,"The Pandavas are joyfully reunited with Arjuna, who returns from heaven.",,,,,,,,,,,,,,,,,,,,,,,,
Upakhyanas (Side-Stories),,,,,,,,,,,,,,,,,,,,,,,,,
vp57,Sage Brihadashva tells Yudhishthira the Story of Nala and Damayanti.,,,,,,,,,,,,,,,,,,,,,,,,
vp58,(Nala's Story) Righteous King Nala has a weakness for dice and is tricked by the evil spirit Kali.,,,,,,,,,,,,,,,,,,,,,,,,
vp59,"(Nala's Story) Nala loses his kingdom and is separated from his wife, Damayanti.",,,,,,,,,,,,,,,,,,,,,,,,
vp60,"(Nala's Story) After years of suffering, Nala overcomes Kali and wins back his kingdom.",,,,,,,,,,,,,,,,,,,,,,,,
vp61,The story consoles Yudhishthira regarding his own gambling addiction.,,,,,,,,,,,,,,,,,,,,,,,,
vp62,Sage Markandeya tells Yudhishthira the Ramopakhyana (Story of Rama).,,,,,,,,,,,,,,,,,,,,,,,,
vp63,"(Rama's Story) Lord Rama, a divine incarnation, also suffered a long exile and had his wife abducted by Ravana.",,,,,,,,,,,,,,,,,,,,,,,,
vp64,"The story gives Yudhishthira comfort and resolve, showing that even gods suffer.",,,,,,,,,,,,,,,,,,,,,,,,
vp65,Sage Markandeya tells the Story of Savitri and Satyavan.,,,,,,,,,,,,,,,,,,,,,,,,
vp66,"(Savitri's Story) Savitri knowingly marries Satyavan, who is fated to die in one year.",,,,,,,,,,,,,,,,,,,,,,,,
vp67,"(Savitri's Story) On the fated day, Savitri follows Yama, the God of Death, who takes Satyavan's soul.",,,,,,,,,,,,,,,,,,,,,,,,
vp68,(Savitri's Story) Savitri impresses Yama with her intelligence and devotion.,,,,,,,,,,,,,,,,,,,,,,,,
vp69,(Savitri's Story) Savitri cleverly tricks Yama into granting a boon that requires him to return Satyavan's life.,,,,,,,,,,,,,,,,,,,,,,,,
vp70,"(Savitri's Story) Yama, defeated by her wit, restores Satyavan to life.",,,,,,,,,,,,,,,,,,,,,,,,
Ghosha-yatra Parva,,,,,,,,,,,,,,,,,,,,,,,,,
vp71,Duryodhana learns of the Pandavas' suffering in the forest.,,,,,,,,,,,,,,,,,,,,,,,,
vp72,"Advised by Karna and Shakuni, Duryodhana plans to travel to the forest to mock the Pandavas.",,,,,,,,,,,,,,,,,,,,,,,,
vp73,Duryodhana and his entire court travel under the pretext of a Ghosha-yatra (cattle-drive).,,,,,,,,,,,,,,,,,,,,,,,,
vp74,"Duryodhana's party clashes with Gandharvas led by their king, Chitrasena.",,,,,,,,,,,,,,,,,,,,,,,,
vp75,"The Gandharvas defeat the Kuru army, and even Karna is forced to flee.",,,,,,,,,,,,,,,,,,,,,,,,
vp76,The Gandharva king Chitrasena captures Duryodhana.,,,,,,,,,,,,,,,,,,,,,,,,
vp77,Some of Duryodhana's men escape and beg the Pandavas for help.,,,,,,,,,,,,,,,,,,,,,,,,
vp78,"Bhima is delighted, but Yudhishthira scolds him.",,,,,,,,,,,,,,,,,,,,,,,,
vp79,"Yudhishthira: ""Against an outside foe, we are one hundred and five brothers."" He orders a rescue.",,,,,,,,,,,,,,,,,,,,,,,,
vp80,Arjuna and Bhima attack the Gandharvas.,,,,,,,,,,,,,,,,,,,,,,,,
vp81,Arjuna (who is friends with Chitrasena) non-lethally defeats them and frees Duryodhana.,,,,,,,,,,,,,,,,,,,,,,,,
vp82,Duryodhana is ultimately humiliated by being rescued by the Pandavas.,,,,,,,,,,,,,,,,,,,,,,,,
vp83,"Ashamed, Duryodhana contemplates suicide but is goaded back to Hastinapur by Shakuni.",,,,,,,,,,,,,,,,,,,,,,,,
Durvasa's Visit & Jayadratha's Abduction,,,,,,,,,,,,,,,,,,,,,,,,,
vp84,"Duryodhana, bent on revenge, learns of the Akshaya Patra's limitation (it's empty after Draupadi eats).",,,,,,,,,,,,,,,,,,,,,,,,
vp85,Duryodhana sends the short-tempered sage Durvasa and his thousands of disciples to visit the Pandavas after Draupadi has eaten.,,,,,,,,,,,,,,,,,,,,,,,,
vp86,"Duryodhana's plan: The Pandavas will fail to feed Durvasa, who will then curse them to oblivion.",,,,,,,,,,,,,,,,,,,,,,,,
vp87,"Draupadi, with an empty pot, panics and prays to Krishna.",,,,,,,,,,,,,,,,,,,,,,,,
vp88,Krishna instantly appears and asks for food.,,,,,,,,,,,,,,,,,,,,,,,,
vp89,Draupadi finds a single grain of rice left in the pot.,,,,,,,,,,,,,,,,,,,,,,,,
vp90,Krishna eats the single grain of rice.,,,,,,,,,,,,,,,,,,,,,,,,
vp91,Krishna's satisfaction causes the entire universe (including Durvasa's party) to feel full.,,,,,,,,,,,,,,,,,,,,,,,,
vp92,"Durvasa and his disciples, fearing the Pandavas' power, flee without returning.",,,,,,,,,,,,,,,,,,,,,,,,
vp93,"The Pandavas are out hunting, leaving Draupadi alone at the ashram.",,,,,,,,,,,,,,,,,,,,,,,,
vp94,"Jayadratha, King of Sindhu (Dushala's husband), passes by the ashram.",,,,,,,,,,,,,,,,,,,,,,,,
vp95,"Captivated by Draupadi, Jayadratha forcibly abducts her.",,,,,,,,,,,,,,,,,,,,,,,,
vp96,"The Pandavas return, learn of the abduction, and give chase.",,,,,,,,,,,,,,,,,,,,,,,,
vp97,Bhima and Arjuna capture Jayadratha.,,,,,,,,,,,,,,,,,,,,,,,,
vp98,"Yudhishthira stops Bhima from killing Jayadratha, to spare their sister Dushala from widowhood.",,,,,,,,,,,,,,,,,,,,,,,,
vp99,"As an alternative punishment, Bhima shaves Jayadratha's head, leaving five mocking tufts.",,,,,,,,,,,,,,,,,,,,,,,,
vp100,The humiliation fills Jayadratha with a burning hatred for the Pandavas.,,,,,,,,,,,,,,,,,,,,,,,,
Yaksha Prashna Parva,,,,,,,,,,,,,,,,,,,,,,,,,
vp101,The 12 years of exile are almost complete.,,,,,,,,,,,,,,,,,,,,,,,,
vp102,The Pandavas are overcome with thirst in the forest.,,,,,,,,,,,,,,,,,,,,,,,,
vp103,"Sahadeva, Nakula, Arjuna, and Bhima go one-by-one in search of water.",,,,,,,,,,,,,,,,,,,,,,,,
vp104,"Each of the four brothers finds a beautiful, clear lake.",,,,,,,,,,,,,,,,,,,,,,,,
vp105,"A voice (a Yaksha) warns each brother: ""Do not drink before answering my questions.""",,,,,,,,,,,,,,,,,,,,,,,,
vp106,"Each of the four brothers, in arrogance or desperation, ignores the warning, drinks, and immediately drops dead.",,,,,,,,,,,,,,,,,,,,,,,,
vp107,Yudhishthira follows and is horrified to find his four brothers lying dead.,,,,,,,,,,,,,,,,,,,,,,,,
vp108,"The Yaksha's voice speaks to Yudhishthira, who agrees to answer the questions.",,,,,,,,,,,,,,,,,,,,,,,,
vp109,Yudhishthira correctly answers all the Yaksha's profound philosophical questions about life and Dharma.,,,,,,,,,,,,,,,,,,,,,,,,
vp110,"The Yaksha, pleased, reveals he is Lord Yama (Dharma), Yudhishthira's divine father.",,,,,,,,,,,,,,,,,,,,,,,,
vp111,Yama offers to revive one of his brothers.,,,,,,,,,,,,,,,,,,,,,,,,
vp112,Yudhishthira chooses Nakula (his half-brother).,,,,,,,,,,,,,,,,,,,,,,,,
vp113,Yama is stunned and asks why not the more powerful Bhima or Arjuna.,,,,,,,,,,,,,,,,,,,,,,,,
vp114,"Yudhishthira: ""I, a son of Kunti, am alive. It is only just that a son of my father's other wife, Madri, should also live. This is my Dharma.""",,,,,,,,,,,,,,,,,,,,,,,,
vp115,"Overjoyed at his son's unwavering righteousness, Yama revives all four brothers.",,,,,,,,,,,,,,,,,,,,,,,,
vp116,Yama grants the boon that the Pandavas will not be recognized during their 13th year incognito.,,,,,,,,,,,,,,,,,,,,,,,,
vp117,The 12 years of the Vana Parva are complete.,,,,,,,,,,,,,,,,,,,,,,,,
vp118,The Pandavas prepare to move on to their 13th year of exile in the Virata Parva.,,,,,,,,,,,,,,,,,,,,,,,,
,,,,,,,,,,,,,,,,,,,,,,,,,
,,,,,,,,,,,,,,,,,,,,,,,,,
,,,,,,,,,,,,,,,,,,,,,,,,,
,,,,,,,,,,,,,,,,,,,,,,,,,
,,,,,,,,,,,,,,,,,,,,,,,,,
,,,,,,,,,,,,,,,,,,,,,,,,,
,,,,,,,,,,,,,,,,,,,,,,,,,
,,,,,,,,,,,,,,,,,,,,,,,,,
,,,,,,,,,,,,,,,,,,,,,,,,,
,,,,,,,,,,,,,,,,,,,,,,,,,
,,,,,,,,,,,,,,,,,,,,,,,,,
,,,,,,,,,,,,,,,,,,,,,,,,,
,,,,,,,,,,,,,,,,,,,,,,,,,
,,,,,,,,,,,,,,,,,,,,,,,,,
,,,,,,,,,,,,,,,,,,,,,,,,,
,,,,,,,,,,,,,,,,,,,,,,,,,
,,,,,,,,,,,,,,,,,,,,,,,,,
,,,,,,,,,,,,,,,,,,,,,,,,,
,,,,,,,,,,,,,,,,,,,,,,,,,
,,,,,,,,,,,,,,,,,,,,,,,,,
,,,,,,,,,,,,,,,,,,,,,,,,,
,,,,,,,,,,,,,,,,,,,,,,,,,
,,,,,,,,,,,,,,,,,,,,,,,,,
,,,,,,,,,,,,,,,,,,,,,,,,,
,,,,,,,,,,,,,,,,,,,,,,,,,
,,,,,,,,,,,,,,,,,,,,,,,,,
,,,,,,,,,,,,,,,,,,,,,,,,,
,,,,,,,,,,,,,,,,,,,,,,,,,
,,,,,,,,,,,,,,,,,,,,,,,,,
,,,,,,,,,,,,,,,,,,,,,,,,,
,,,,,,,,,,,,,,,,,,,,,,,,,
,,,,,,,,,,,,,,,,,,,,,,,,,
,,,,,,,,,,,,,,,,,,,,,,,,,
,,,,,,,,,,,,,,,,,,,,,,,,,
,,,,,,,,,,,,,,,,,,,,,,,,,
,,,,,,,,,,,,,,,,,,,,,,,,,
,,,,,,,,,,,,,,,,,,,,,,,,,
,,,,,,,,,,,,,,,,,,,,,,,,,
,,,,,,,,,,,,,,,,,,,,,,,,,
,,,,,,,,,,,,,,,,,,,,,,,,,
,,,,,,,,,,,,,,,,,,,,,,,,,
,,,,,,,,,,,,,,,,,,,,,,,,,
,,,,,,,,,,,,,,,,,,,,,,,,,
,,,,,,,,,,,,,,,,,,,,,,,,,
,,,,,,,,,,,,,,,,,,,,,,,,,
,,,,,,,,,,,,,,,,,,,,,,,,,
,,,,,,,,,,,,,,,,,,,,,,,,,
,,,,,,,,,,,,,,,,,,,,,,,,,
,,,,,,,,,,,,,,,,,,,,,,,,,
,,,,,,,,,,,,,,,,,,,,,,,,,
,,,,,,,,,,,,,,,,,,,,,,,,,
,,,,,,,,,,,,,,,,,,,,,,,,,
,,,,,,,,,,,,,,,,,,,,,,,,,
,,,,,,,,,,,,,,,,,,,,,,,,,
,,,,,,,,,,,,,,,,,,,,,,,,,
,,,,,,,,,,,,,,,,,,,,,,,,,
,,,,,,,,,,,,,,,,,,,,,,,,,
,,,,,,,,,,,,,,,,,,,,,,,,,
,,,,,,,,,,,,,,,,,,,,,,,,,
,,,,,,,,,,,,,,,,,,,,,,,,,
,,,,,,,,,,,,,,,,,,,,,,,,,
,,,,,,,,,,,,,,,,,,,,,,,,,
,,,,,,,,,,,,,,,,,,,,,,,,,
,,,,,,,,,,,,,,,,,,,,,,,,,
,,,,,,,,,,,,,,,,,,,,,,,,,
,,,,,,,,,,,,,,,,,,,,,,,,,
,,,,,,,,,,,,,,,,,,,,,,,,,
,,,,,,,,,,,,,,,,,,,,,,,,,
,,,,,,,,,,,,,,,,,,,,,,,,,
,,,,,,,,,,,,,,,,,,,,,,,,,
,,,,,,,,,,,,,,,,,,,,,,,,,
,,,,,,,,,,,,,,,,,,,,,,,,,
,,,,,,,,,,,,,,,,,,,,,,,,,
,,,,,,,,,,,,,,,,,,,,,,,,,
,,,,,,,,,,,,,,,,,,,,,,,,,
,,,,,,,,,,,,,,,,,,,,,,,,,
,,,,,,,,,,,,,,,,,,,,,,,,,
,,,,,,,,,,,,,,,,,,,,,,,,,
,,,,,,,,,,,,,,,,,,,,,,,,,
,,,,,,,,,,,,,,,,,,,,,,,,,
,,,,,,,,,,,,,,,,,,,,,,,,,
,,,,,,,,,,,,,,,,,,,,,,,,,
,,,,,,,,,,,,,,,,,,,,,,,,,
,,,,,,,,,,,,,,,,,,,,,,,,,
,,,,,,,,,,,,,,,,,,,,,,,,,
,,,,,,,,,,,,,,,,,,,,,,,,,
,,,,,,,,,,,,,,,,,,,,,,,,,
,,,,,,,,,,,,,,,,,,,,,,,,,
,,,,,,,,,,,,,,,,,,,,,,,,,
,,,,,,,,,,,,,,,,,,,,,,,,,
,,,,,,,,,,,,,,,,,,,,,,,,,
,,,,,,,,,,,,,,,,,,,,,,,,,
,,,,,,,,,,,,,,,,,,,,,,,,,
,,,,,,,,,,,,,,,,,,,,,,,,,
,,,,,,,,,,,,,,,,,,,,,,,,,
,,,,,,,,,,,,,,,,,,,,,,,,,
,,,,,,,,,,,,,,,,,,,,,,,,,
,,,,,,,,,,,,,,,,,,,,,,,,,
,,,,,,,,,,,,,,,,,,,,,,,,,
,,,,,,,,,,,,,,,,,,,,,,,,,
,,,,,,,,,,,,,,,,,,,,,,,,,
,,,,,,,,,,,,,,,,,,,,,,,,,
,,,,,,,,,,,,,,,,,,,,,,,,,
,,,,,,,,,,,,,,,,,,,,,,,,,
,,,,,,,,,,,,,,,,,,,,,,,,,
,,,,,,,,,,,,,,,,,,,,,,,,,
,,,,,,,,,,,,,,,,,,,,,,,,,
,,,,,,,,,,,,,,,,,,,,,,,,,
,,,,,,,,,,,,,,,,,,,,,,,,,
,,,,,,,,,,,,,,,,,,,,,,,,,
,,,,,,,,,,,,,,,,,,,,,,,,,
,,,,,,,,,,,,,,,,,,,,,,,,,
,,,,,,,,,,,,,,,,,,,,,,,,,
,,,,,,,,,,,,,,,,,,,,,,,,,
,,,,,,,,,,,,,,,,,,,,,,,,,
,,,,,,,,,,,,,,,,,,,,,,,,,
,,,,,,,,,,,,,,,,,,,,,,,,,
,,,,,,,,,,,,,,,,,,,,,,,,,
,,,,,,,,,,,,,,,,,,,,,,,,,
,,,,,,,,,,,,,,,,,,,,,,,,,
,,,,,,,,,,,,,,,,,,,,,,,,,
,,,,,,,,,,,,,,,,,,,,,,,,,
,,,,,,,,,,,,,,,,,,,,,,,,,
,,,,,,,,,,,,,,,,,,,,,,,,,
,,,,,,,,,,,,,,,,,,,,,,,,,
,,,,,,,,,,,,,,,,,,,,,,,,,
,,,,,,,,,,,,,,,,,,,,,,,,,
,,,,,,,,,,,,,,,,,,,,,,,,,
,,,,,,,,,,,,,,,,,,,,,,,,,
,,,,,,,,,,,,,,,,,,,,,,,,,
,,,,,,,,,,,,,,,,,,,,,,,,,
,,,,,,,,,,,,,,,,,,,,,,,,,
,,,,,,,,,,,,,,,,,,,,,,,,,
,,,,,,,,,,,,,,,,,,,,,,,,,
,,,,,,,,,,,,,,,,,,,,,,,,,
,,,,,,,,,,,,,,,,,,,,,,,,,
,,,,,,,,,,,,,,,,,,,,,,,,,
,,,,,,,,,,,,,,,,,,,,,,,,,
,,,,,,,,,,,,,,,,,,,,,,,,,
,,,,,,,,,,,,,,,,,,,,,,,,,
,,,,,,,,,,,,,,,,,,,,,,,,,
,,,,,,,,,,,,,,,,,,,,,,,,,
,,,,,,,,,,,,,,,,,,,,,,,,,
,,,,,,,,,,,,,,,,,,,,,,,,,
,,,,,,,,,,,,,,,,,,,,,,,,,
,,,,,,,,,,,,,,,,,,,,,,,,,
,,,,,,,,,,,,,,,,,,,,,,,,,
,,,,,,,,,,,,,,,,,,,,,,,,,
,,,,,,,,,,,,,,,,,,,,,,,,,
,,,,,,,,,,,,,,,,,,,,,,,,,
,,,,,,,,,,,,,,,,,,,,,,,,,
,,,,,,,,,,,,,,,,,,,,,,,,,
,,,,,,,,,,,,,,,,,,,,,,,,,
,,,,,,,,,,,,,,,,,,,,,,,,,
,,,,,,,,,,,,,,,,,,,,,,,,,
,,,,,,,,,,,,,,,,,,,,,,,,,
,,,,,,,,,,,,,,,,,,,,,,,,,
,,,,,,,,,,,,,,,,,,,,,,,,,
,,,,,,,,,,,,,,,,,,,,,,,,,
,,,,,,,,,,,,,,,,,,,,,,,,,
,,,,,,,,,,,,,,,,,,,,,,,,,
,,,,,,,,,,,,,,,,,,,,,,,,,
,,,,,,,,,,,,,,,,,,,,,,,,,
,,,,,,,,,,,,,,,,,,,,,,,,,
,,,,,,,,,,,,,,,,,,,,,,,,,
,,,,,,,,,,,,,,,,,,,,,,,,,
,,,,,,,,,,,,,,,,,,,,,,,,,
,,,,,,,,,,,,,,,,,,,,,,,,,
,,,,,,,,,,,,,,,,,,,,,,,,,
,,,,,,,,,,,,,,,,,,,,,,,,,
,,,,,,,,,,,,,,,,,,,,,,,,,
,,,,,,,,,,,,,,,,,,,,,,,,,
,,,,,,,,,,,,,,,,,,,,,,,,,
,,,,,,,,,,,,,,,,,,,,,,,,,
,,,,,,,,,,,,,,,,,,,,,,,,,
,,,,,,,,,,,,,,,,,,,,,,,,,
,,,,,,,,,,,,,,,,,,,,,,,,,
,,,,,,,,,,,,,,,,,,,,,,,,,
,,,,,,,,,,,,,,,,,,,,,,,,,
,,,,,,,,,,,,,,,,,,,,,,,,,
,,,,,,,,,,,,,,,,,,,,,,,,,
,,,,,,,,,,,,,,,,,,,,,,,,,
,,,,,,,,,,,,,,,,,,,,,,,,,
,,,,,,,,,,,,,,,,,,,,,,,,,
,,,,,,,,,,,,,,,,,,,,,,,,,
,,,,,,,,,,,,,,,,,,,,,,,,,
,,,,,,,,,,,,,,,,,,,,,,,,,
,,,,,,,,,,,,,,,,,,,,,,,,,
,,,,,,,,,,,,,,,,,,,,,,,,,
,,,,,,,,,,,,,,,,,,,,,,,,,
,,,,,,,,,,,,,,,,,,,,,,,,,
,,,,,,,,,,,,,,,,,,,,,,,,,
,,,,,,,,,,,,,,,,,,,,,,,,,
,,,,,,,,,,,,,,,,,,,,,,,,,
,,,,,,,,,,,,,,,,,,,,,,,,,
,,,,,,,,,,,,,,,,,,,,,,,,,
,,,,,,,,,,,,,,,,,,,,,,,,,
,,,,,,,,,,,,,,,,,,,,,,,,,
,,,,,,,,,,,,,,,,,,,,,,,,,
,,,,,,,,,,,,,,,,,,,,,,,,,
,,,,,,,,,,,,,,,,,,,,,,,,,
,,,,,,,,,,,,,,,,,,,,,,,,,
,,,,,,,,,,,,,,,,,,,,,,,,,
,,,,,,,,,,,,,,,,,,,,,,,,,
,,,,,,,,,,,,,,,,,,,,,,,,,
,,,,,,,,,,,,,,,,,,,,,,,,,
,,,,,,,,,,,,,,,,,,,,,,,,,
,,,,,,,,,,,,,,,,,,,,,,,,,
,,,,,,,,,,,,,,,,,,,,,,,,,
,,,,,,,,,,,,,,,,,,,,,,,,,
,,,,,,,,,,,,,,,,,,,,,,,,,
,,,,,,,,,,,,,,,,,,,,,,,,,
,,,,,,,,,,,,,,,,,,,,,,,,,
,,,,,,,,,,,,,,,,,,,,,,,,,
,,,,,,,,,,,,,,,,,,,,,,,,,
,,,,,,,,,,,,,,,,,,,,,,,,,
,,,,,,,,,,,,,,,,,,,,,,,,,
,,,,,,,,,,,,,,,,,,,,,,,,,
,,,,,,,,,,,,,,,,,,,,,,,,,
,,,,,,,,,,,,,,,,,,,,,,,,,
,,,,,,,,,,,,,,,,,,,,,,,,,
,,,,,,,,,,,,,,,,,,,,,,,,,
,,,,,,,,,,,,,,,,,,,,,,,,,
,,,,,,,,,,,,,,,,,,,,,,,,,
,,,,,,,,,,,,,,,,,,,,,,,,,
,,,,,,,,,,,,,,,,,,,,,,,,,
,,,,,,,,,,,,,,,,,,,,,,,,,
,,,,,,,,,,,,,,,,,,,,,,,,,
,,,,,,,,,,,,,,,,,,,,,,,,,
,,,,,,,,,,,,,,,,,,,,,,,,,
,,,,,,,,,,,,,,,,,,,,,,,,,
,,,,,,,,,,,,,,,,,,,,,,,,,
,,,,,,,,,,,,,,,,,,,,,,,,,
,,,,,,,,,,,,,,,,,,,,,,,,,
,,,,,,,,,,,,,,,,,,,,,,,,,
,,,,,,,,,,,,,,,,,,,,,,,,,
,,,,,,,,,,,,,,,,,,,,,,,,,
,,,,,,,,,,,,,,,,,,,,,,,,,
,,,,,,,,,,,,,,,,,,,,,,,,,
,,,,,,,,,,,,,,,,,,,,,,,,,
,,,,,,,,,,,,,,,,,,,,,,,,,
,,,,,,,,,,,,,,,,,,,,,,,,,
,,,,,,,,,,,,,,,,,,,,,,,,,
,,,,,,,,,,,,,,,,,,,,,,,,,
,,,,,,,,,,,,,,,,,,,,,,,,,
,,,,,,,,,,,,,,,,,,,,,,,,,
,,,,,,,,,,,,,,,,,,,,,,,,,
,,,,,,,,,,,,,,,,,,,,,,,,,
,,,,,,,,,,,,,,,,,,,,,,,,,
,,,,,,,,,,,,,,,,,,,,,,,,,
,,,,,,,,,,,,,,,,,,,,,,,,,
,,,,,,,,,,,,,,,,,,,,,,,,,
,,,,,,,,,,,,,,,,,,,,,,,,,
,,,,,,,,,,,,,,,,,,,,,,,,,
,,,,,,,,,,,,,,,,,,,,,,,,,
,,,,,,,,,,,,,,,,,,,,,,,,,
,,,,,,,,,,,,,,,,,,,,,,,,,
,,,,,,,,,,,,,,,,,,,,,,,,,
,,,,,,,,,,,,,,,,,,,,,,,,,
,,,,,,,,,,,,,,,,,,,,,,,,,
,,,,,,,,,,,,,,,,,,,,,,,,,
,,,,,,,,,,,,,,,,,,,,,,,,,
,,,,,,,,,,,,,,,,,,,,,,,,,
,,,,,,,,,,,,,,,,,,,,,,,,,
,,,,,,,,,,,,,,,,,,,,,,,,,
,,,,,,,,,,,,,,,,,,,,,,,,,
,,,,,,,,,,,,,,,,,,,,,,,,,
,,,,,,,,,,,,,,,,,,,,,,,,,
,,,,,,,,,,,,,,,,,,,,,,,,,
,,,,,,,,,,,,,,,,,,,,,,,,,
,,,,,,,,,,,,,,,,,,,,,,,,,
,,,,,,,,,,,,,,,,,,,,,,,,,
,,,,,,,,,,,,,,,,,,,,,,,,,
,,,,,,,,,,,,,,,,,,,,,,,,,
,,,,,,,,,,,,,,,,,,,,,,,,,
,,,,,,,,,,,,,,,,,,,,,,,,,
,,,,,,,,,,,,,,,,,,,,,,,,,
,,,,,,,,,,,,,,,,,,,,,,,,,
,,,,,,,,,,,,,,,,,,,,,,,,,
,,,,,,,,,,,,,,,,,,,,,,,,,
,,,,,,,,,,,,,,,,,,,,,,,,,
,,,,,,,,,,,,,,,,,,,,,,,,,
,,,,,,,,,,,,,,,,,,,,,,,,,
,,,,,,,,,,,,,,,,,,,,,,,,,
,,,,,,,,,,,,,,,,,,,,,,,,,
,,,,,,,,,,,,,,,,,,,,,,,,,
,,,,,,,,,,,,,,,,,,,,,,,,,
,,,,,,,,,,,,,,,,,,,,,,,,,
,,,,,,,,,,,,,,,,,,,,,,,,,
,,,,,,,,,,,,,,,,,,,,,,,,,
,,,,,,,,,,,,,,,,,,,,,,,,,
,,,,,,,,,,,,,,,,,,,,,,,,,
,,,,,,,,,,,,,,,,,,,,,,,,,
,,,,,,,,,,,,,,,,,,,,,,,,,
,,,,,,,,,,,,,,,,,,,,,,,,,
,,,,,,,,,,,,,,,,,,,,,,,,,
,,,,,,,,,,,,,,,,,,,,,,,,,
,,,,,,,,,,,,,,,,,,,,,,,,,
,,,,,,,,,,,,,,,,,,,,,,,,,
,,,,,,,,,,,,,,,,,,,,,,,,,
,,,,,,,,,,,,,,,,,,,,,,,,,
,,,,,,,,,,,,,,,,,,,,,,,,,
,,,,,,,,,,,,,,,,,,,,,,,,,
,,,,,,,,,,,,,,,,,,,,,,,,,
,,,,,,,,,,,,,,,,,,,,,,,,,
,,,,,,,,,,,,,,,,,,,,,,,,,
,,,,,,,,,,,,,,,,,,,,,,,,,
,,,,,,,,,,,,,,,,,,,,,,,,,
,,,,,,,,,,,,,,,,,,,,,,,,,
,,,,,,,,,,,,,,,,,,,,,,,,,
,,,,,,,,,,,,,,,,,,,,,,,,,
,,,,,,,,,,,,,,,,,,,,,,,,,
,,,,,,,,,,,,,,,,,,,,,,,,,
,,,,,,,,,,,,,,,,,,,,,,,,,
,,,,,,,,,,,,,,,,,,,,,,,,,
,,,,,,,,,,,,,,,,,,,,,,,,,
,,,,,,,,,,,,,,,,,,,,,,,,,
,,,,,,,,,,,,,,,,,,,,,,,,,
,,,,,,,,,,,,,,,,,,,,,,,,,
,,,,,,,,,,,,,,,,,,,,,,,,,
,,,,,,,,,,,,,,,,,,,,,,,,,
,,,,,,,,,,,,,,,,,,,,,,,,,
,,,,,,,,,,,,,,,,,,,,,,,,,
,,,,,,,,,,,,,,,,,,,,,,,,,
,,,,,,,,,,,,,,,,,,,,,,,,,
,,,,,,,,,,,,,,,,,,,,,,,,,
,,,,,,,,,,,,,,,,,,,,,,,,,
,,,,,,,,,,,,,,,,,,,,,,,,,
,,,,,,,,,,,,,,,,,,,,,,,,,
,,,,,,,,,,,,,,,,,,,,,,,,,
,,,,,,,,,,,,,,,,,,,,,,,,,
,,,,,,,,,,,,,,,,,,,,,,,,,
,,,,,,,,,,,,,,,,,,,,,,,,,
,,,,,,,,,,,,,,,,,,,,,,,,,
,,,,,,,,,,,,,,,,,,,,,,,,,
,,,,,,,,,,,,,,,,,,,,,,,,,
,,,,,,,,,,,,,,,,,,,,,,,,,
,,,,,,,,,,,,,,,,,,,,,,,,,
,,,,,,,,,,,,,,,,,,,,,,,,,
,,,,,,,,,,,,,,,,,,,,,,,,,
,,,,,,,,,,,,,,,,,,,,,,,,,
,,,,,,,,,,,,,,,,,,,,,,,,,
,,,,,,,,,,,,,,,,,,,,,,,,,
,,,,,,,,,,,,,,,,,,,,,,,,,
,,,,,,,,,,,,,,,,,,,,,,,,,
,,,,,,,,,,,,,,,,,,,,,,,,,
,,,,,,,,,,,,,,,,,,,,,,,,,
,,,,,,,,,,,,,,,,,,,,,,,,,
,,,,,,,,,,,,,,,,,,,,,,,,,
,,,,,,,,,,,,,,,,,,,,,,,,,
,,,,,,,,,,,,,,,,,,,,,,,,,
,,,,,,,,,,,,,,,,,,,,,,,,,
,,,,,,,,,,,,,,,,,,,,,,,,,
,,,,,,,,,,,,,,,,,,,,,,,,,
,,,,,,,,,,,,,,,,,,,,,,,,,
,,,,,,,,,,,,,,,,,,,,,,,,,
,,,,,,,,,,,,,,,,,,,,,,,,,
,,,,,,,,,,,,,,,,,,,,,,,,,
,,,,,,,,,,,,,,,,,,,,,,,,,
,,,,,,,,,,,,,,,,,,,,,,,,,
,,,,,,,,,,,,,,,,,,,,,,,,,
,,,,,,,,,,,,,,,,,,,,,,,,,
,,,,,,,,,,,,,,,,,,,,,,,,,
,,,,,,,,,,,,,,,,,,,,,,,,,
,,,,,,,,,,,,,,,,,,,,,,,,,
,,,,,,,,,,,,,,,,,,,,,,,,,
,,,,,,,,,,,,,,,,,,,,,,,,,
,,,,,,,,,,,,,,,,,,,,,,,,,
,,,,,,,,,,,,,,,,,,,,,,,,,
,,,,,,,,,,,,,,,,,,,,,,,,,
,,,,,,,,,,,,,,,,,,,,,,,,,
,,,,,,,,,,,,,,,,,,,,,,,,,
,,,,,,,,,,,,,,,,,,,,,,,,,
,,,,,,,,,,,,,,,,,,,,,,,,,
,,,,,,,,,,,,,,,,,,,,,,,,,
,,,,,,,,,,,,,,,,,,,,,,,,,
,,,,,,,,,,,,,,,,,,,,,,,,,
,,,,,,,,,,,,,,,,,,,,,,,,,
,,,,,,,,,,,,,,,,,,,,,,,,,
,,,,,,,,,,,,,,,,,,,,,,,,,
,,,,,,,,,,,,,,,,,,,,,,,,,
,,,,,,,,,,,,,,,,,,,,,,,,,
,,,,,,,,,,,,,,,,,,,,,,,,,
,,,,,,,,,,,,,,,,,,,,,,,,,
,,,,,,,,,,,,,,,,,,,,,,,,,
,,,,,,,,,,,,,,,,,,,,,,,,,
,,,,,,,,,,,,,,,,,,,,,,,,,
,,,,,,,,,,,,,,,,,,,,,,,,,
,,,,,,,,,,,,,,,,,,,,,,,,,
,,,,,,,,,,,,,,,,,,,,,,,,,
,,,,,,,,,,,,,,,,,,,,,,,,,
,,,,,,,,,,,,,,,,,,,,,,,,,
,,,,,,,,,,,,,,,,,,,,,,,,,
,,,,,,,,,,,,,,,,,,,,,,,,,
,,,,,,,,,,,,,,,,,,,,,,,,,
,,,,,,,,,,,,,,,,,,,,,,,,,
,,,,,,,,,,,,,,,,,,,,,,,,,
,,,,,,,,,,,,,,,,,,,,,,,,,
,,,,,,,,,,,,,,,,,,,,,,,,,
,,,,,,,,,,,,,,,,,,,,,,,,,
,,,,,,,,,,,,,,,,,,,,,,,,,
,,,,,,,,,,,,,,,,,,,,,,,,,
,,,,,,,,,,,,,,,,,,,,,,,,,
,,,,,,,,,,,,,,,,,,,,,,,,,
,,,,,,,,,,,,,,,,,,,,,,,,,
,,,,,,,,,,,,,,,,,,,,,,,,,
,,,,,,,,,,,,,,,,,,,,,,,,,
,,,,,,,,,,,,,,,,,,,,,,,,,
,,,,,,,,,,,,,,,,,,,,,,,,,
,,,,,,,,,,,,,,,,,,,,,,,,,
,,,,,,,,,,,,,,,,,,,,,,,,,
,,,,,,,,,,,,,,,,,,,,,,,,,
,,,,,,,,,,,,,,,,,,,,,,,,,
,,,,,,,,,,,,,,,,,,,,,,,,,
,,,,,,,,,,,,,,,,,,,,,,,,,
,,,,,,,,,,,,,,,,,,,,,,,,,
,,,,,,,,,,,,,,,,,,,,,,,,,
,,,,,,,,,,,,,,,,,,,,,,,,,
,,,,,,,,,,,,,,,,,,,,,,,,,
,,,,,,,,,,,,,,,,,,,,,,,,,
,,,,,,,,,,,,,,,,,,,,,,,,,
,,,,,,,,,,,,,,,,,,,,,,,,,
,,,,,,,,,,,,,,,,,,,,,,,,,
,,,,,,,,,,,,,,,,,,,,,,,,,
,,,,,,,,,,,,,,,,,,,,,,,,,
,,,,,,,,,,,,,,,,,,,,,,,,,
,,,,,,,,,,,,,,,,,,,,,,,,,
,,,,,,,,,,,,,,,,,,,,,,,,,
,,,,,,,,,,,,,,,,,,,,,,,,,
,,,,,,,,,,,,,,,,,,,,,,,,,
,,,,,,,,,,,,,,,,,,,,,,,,,
,,,,,,,,,,,,,,,,,,,,,,,,,
,,,,,,,,,,,,,,,,,,,,,,,,,
,,,,,,,,,,,,,,,,,,,,,,,,,
,,,,,,,,,,,,,,,,,,,,,,,,,
,,,,,,,,,,,,,,,,,,,,,,,,,
,,,,,,,,,,,,,,,,,,,,,,,,,
,,,,,,,,,,,,,,,,,,,,,,,,,
,,,,,,,,,,,,,,,,,,,,,,,,,
,,,,,,,,,,,,,,,,,,,,,,,,,
,,,,,,,,,,,,,,,,,,,,,,,,,
,,,,,,,,,,,,,,,,,,,,,,,,,
,,,,,,,,,,,,,,,,,,,,,,,,,
,,,,,,,,,,,,,,,,,,,,,,,,,
,,,,,,,,,,,,,,,,,,,,,,,,,
,,,,,,,,,,,,,,,,,,,,,,,,,
,,,,,,,,,,,,,,,,,,,,,,,,,
,,,,,,,,,,,,,,,,,,,,,,,,,
,,,,,,,,,,,,,,,,,,,,,,,,,
,,,,,,,,,,,,,,,,,,,,,,,,,
,,,,,,,,,,,,,,,,,,,,,,,,,
,,,,,,,,,,,,,,,,,,,,,,,,,
,,,,,,,,,,,,,,,,,,,,,,,,,
,,,,,,,,,,,,,,,,,,,,,,,,,
,,,,,,,,,,,,,,,,,,,,,,,,,
,,,,,,,,,,,,,,,,,,,,,,,,,
,,,,,,,,,,,,,,,,,,,,,,,,,
,,,,,,,,,,,,,,,,,,,,,,,,,
,,,,,,,,,,,,,,,,,,,,,,,,,
,,,,,,,,,,,,,,,,,,,,,,,,,
,,,,,,,,,,,,,,,,,,,,,,,,,
,,,,,,,,,,,,,,,,,,,,,,,,,
,,,,,,,,,,,,,,,,,,,,,,,,,
,,,,,,,,,,,,,,,,,,,,,,,,,
,,,,,,,,,,,,,,,,,,,,,,,,,
,,,,,,,,,,,,,,,,,,,,,,,,,
,,,,,,,,,,,,,,,,,,,,,,,,,
,,,,,,,,,,,,,,,,,,,,,,,,,
,,,,,,,,,,,,,,,,,,,,,,,,,
,,,,,,,,,,,,,,,,,,,,,,,,,
,,,,,,,,,,,,,,,,,,,,,,,,,
,,,,,,,,,,,,,,,,,,,,,,,,,
,,,,,,,,,,,,,,,,,,,,,,,,,
,,,,,,,,,,,,,,,,,,,,,,,,,
,,,,,,,,,,,,,,,,,,,,,,,,,
,,,,,,,,,,,,,,,,,,,,,,,,,
,,,,,,,,,,,,,,,,,,,,,,,,,
,,,,,,,,,,,,,,,,,,,,,,,,,
,,,,,,,,,,,,,,,,,,,,,,,,,
,,,,,,,,,,,,,,,,,,,,,,,,,
,,,,,,,,,,,,,,,,,,,,,,,,,
,,,,,,,,,,,,,,,,,,,,,,,,,
,,,,,,,,,,,,,,,,,,,,,,,,,
,,,,,,,,,,,,,,,,,,,,,,,,,
,,,,,,,,,,,,,,,,,,,,,,,,,
,,,,,,,,,,,,,,,,,,,,,,,,,
,,,,,,,,,,,,,,,,,,,,,,,,,
,,,,,,,,,,,,,,,,,,,,,,,,,
,,,,,,,,,,,,,,,,,,,,,,,,,
,,,,,,,,,,,,,,,,,,,,,,,,,
,,,,,,,,,,,,,,,,,,,,,,,,,
,,,,,,,,,,,,,,,,,,,,,,,,,
,,,,,,,,,,,,,,,,,,,,,,,,,
,,,,,,,,,,,,,,,,,,,,,,,,,
,,,,,,,,,,,,,,,,,,,,,,,,,
,,,,,,,,,,,,,,,,,,,,,,,,,
,,,,,,,,,,,,,,,,,,,,,,,,,
,,,,,,,,,,,,,,,,,,,,,,,,,
,,,,,,,,,,,,,,,,,,,,,,,,,
,,,,,,,,,,,,,,,,,,,,,,,,,
,,,,,,,,,,,,,,,,,,,,,,,,,
,,,,,,,,,,,,,,,,,,,,,,,,,
,,,,,,,,,,,,,,,,,,,,,,,,,
,,,,,,,,,,,,,,,,,,,,,,,,,
,,,,,,,,,,,,,,,,,,,,,,,,,
,,,,,,,,,,,,,,,,,,,,,,,,,
,,,,,,,,,,,,,,,,,,,,,,,,,
,,,,,,,,,,,,,,,,,,,,,,,,,
,,,,,,,,,,,,,,,,,,,,,,,,,
,,,,,,,,,,,,,,,,,,,,,,,,,
,,,,,,,,,,,,,,,,,,,,,,,,,
,,,,,,,,,,,,,,,,,,,,,,,,,
,,,,,,,,,,,,,,,,,,,,,,,,,
,,,,,,,,,,,,,,,,,,,,,,,,,
,,,,,,,,,,,,,,,,,,,,,,,,,
,,,,,,,,,,,,,,,,,,,,,,,,,
,,,,,,,,,,,,,,,,,,,,,,,,,
,,,,,,,,,,,,,,,,,,,,,,,,,
,,,,,,,,,,,,,,,,,,,,,,,,,
,,,,,,,,,,,,,,,,,,,,,,,,,
,,,,,,,,,,,,,,,,,,,,,,,,,
,,,,,,,,,,,,,,,,,,,,,,,,,
,,,,,,,,,,,,,,,,,,,,,,,,,
,,,,,,,,,,,,,,,,,,,,,,,,,
,,,,,,,,,,,,,,,,,,,,,,,,,
,,,,,,,,,,,,,,,,,,,,,,,,,
,,,,,,,,,,,,,,,,,,,,,,,,,
,,,,,,,,,,,,,,,,,,,,,,,,,
,,,,,,,,,,,,,,,,,,,,,,,,,
,,,,,,,,,,,,,,,,,,,,,,,,,
,,,,,,,,,,,,,,,,,,,,,,,,,
,,,,,,,,,,,,,,,,,,,,,,,,,
,,,,,,,,,,,,,,,,,,,,,,,,,
,,,,,,,,,,,,,,,,,,,,,,,,,
,,,,,,,,,,,,,,,,,,,,,,,,,
,,,,,,,,,,,,,,,,,,,,,,,,,
,,,,,,,,,,,,,,,,,,,,,,,,,
,,,,,,,,,,,,,,,,,,,,,,,,,
,,,,,,,,,,,,,,,,,,,,,,,,,
,,,,,,,,,,,,,,,,,,,,,,,,,
,,,,,,,,,,,,,,,,,,,,,,,,,
,,,,,,,,,,,,,,,,,,,,,,,,,
,,,,,,,,,,,,,,,,,,,,,,,,,
,,,,,,,,,,,,,,,,,,,,,,,,,
,,,,,,,,,,,,,,,,,,,,,,,,,
,,,,,,,,,,,,,,,,,,,,,,,,,
,,,,,,,,,,,,,,,,,,,,,,,,,
,,,,,,,,,,,,,,,,,,,,,,,,,
,,,,,,,,,,,,,,,,,,,,,,,,,
,,,,,,,,,,,,,,,,,,,,,,,,,
,,,,,,,,,,,,,,,,,,,,,,,,,
,,,,,,,,,,,,,,,,,,,,,,,,,
,,,,,,,,,,,,,,,,,,,,,,,,,
,,,,,,,,,,,,,,,,,,,,,,,,,
,,,,,,,,,,,,,,,,,,,,,,,,,
,,,,,,,,,,,,,,,,,,,,,,,,,
,,,,,,,,,,,,,,,,,,,,,,,,,
,,,,,,,,,,,,,,,,,,,,,,,,,
,,,,,,,,,,,,,,,,,,,,,,,,,
,,,,,,,,,,,,,,,,,,,,,,,,,
,,,,,,,,,,,,,,,,,,,,,,,,,
,,,,,,,,,,,,,,,,,,,,,,,,,
,,,,,,,,,,,,,,,,,,,,,,,,,
,,,,,,,,,,,,,,,,,,,,,,,,,
,,,,,,,,,,,,,,,,,,,,,,,,,
,,,,,,,,,,,,,,,,,,,,,,,,,
,,,,,,,,,,,,,,,,,,,,,,,,,
,,,,,,,,,,,,,,,,,,,,,,,,,
,,,,,,,,,,,,,,,,,,,,,,,,,
,,,,,,,,,,,,,,,,,,,,,,,,,
,,,,,,,,,,,,,,,,,,,,,,,,,
,,,,,,,,,,,,,,,,,,,,,,,,,
,,,,,,,,,,,,,,,,,,,,,,,,,
,,,,,,,,,,,,,,,,,,,,,,,,,
,,,,,,,,,,,,,,,,,,,,,,,,,
,,,,,,,,,,,,,,,,,,,,,,,,,
,,,,,,,,,,,,,,,,,,,,,,,,,
,,,,,,,,,,,,,,,,,,,,,,,,,
,,,,,,,,,,,,,,,,,,,,,,,,,
,,,,,,,,,,,,,,,,,,,,,,,,,
,,,,,,,,,,,,,,,,,,,,,,,,,
,,,,,,,,,,,,,,,,,,,,,,,,,
,,,,,,,,,,,,,,,,,,,,,,,,,
,,,,,,,,,,,,,,,,,,,,,,,,,
,,,,,,,,,,,,,,,,,,,,,,,,,
,,,,,,,,,,,,,,,,,,,,,,,,,
,,,,,,,,,,,,,,,,,,,,,,,,,
,,,,,,,,,,,,,,,,,,,,,,,,,
,,,,,,,,,,,,,,,,,,,,,,,,,
,,,,,,,,,,,,,,,,,,,,,,,,,
,,,,,,,,,,,,,,,,,,,,,,,,,
,,,,,,,,,,,,,,,,,,,,,,,,,
,,,,,,,,,,,,,,,,,,,,,,,,,
,,,,,,,,,,,,,,,,,,,,,,,,,
,,,,,,,,,,,,,,,,,,,,,,,,,
,,,,,,,,,,,,,,,,,,,,,,,,,
,,,,,,,,,,,,,,,,,,,,,,,,,
,,,,,,,,,,,,,,,,,,,,,,,,,
,,,,,,,,,,,,,,,,,,,,,,,,,
,,,,,,,,,,,,,,,,,,,,,,,,,
,,,,,,,,,,,,,,,,,,,,,,,,,
,,,,,,,,,,,,,,,,,,,,,,,,,
,,,,,,,,,,,,,,,,,,,,,,,,,
,,,,,,,,,,,,,,,,,,,,,,,,,
,,,,,,,,,,,,,,,,,,,,,,,,,
,,,,,,,,,,,,,,,,,,,,,,,,,
,,,,,,,,,,,,,,,,,,,,,,,,,
,,,,,,,,,,,,,,,,,,,,,,,,,
,,,,,,,,,,,,,,,,,,,,,,,,,
,,,,,,,,,,,,,,,,,,,,,,,,,
,,,,,,,,,,,,,,,,,,,,,,,,,
,,,,,,,,,,,,,,,,,,,,,,,,,
,,,,,,,,,,,,,,,,,,,,,,,,,
,,,,,,,,,,,,,,,,,,,,,,,,,
,,,,,,,,,,,,,,,,,,,,,,,,,
,,,,,,,,,,,,,,,,,,,,,,,,,
,,,,,,,,,,,,,,,,,,,,,,,,,
,,,,,,,,,,,,,,,,,,,,,,,,,
,,,,,,,,,,,,,,,,,,,,,,,,,
,,,,,,,,,,,,,,,,,,,,,,,,,
,,,,,,,,,,,,,,,,,,,,,,,,,
,,,,,,,,,,,,,,,,,,,,,,,,,
,,,,,,,,,,,,,,,,,,,,,,,,,
,,,,,,,,,,,,,,,,,,,,,,,,,
,,,,,,,,,,,,,,,,,,,,,,,,,
,,,,,,,,,,,,,,,,,,,,,,,,,
,,,,,,,,,,,,,,,,,,,,,,,,,
,,,,,,,,,,,,,,,,,,,,,,,,,
,,,,,,,,,,,,,,,,,,,,,,,,,
,,,,,,,,,,,,,,,,,,,,,,,,,
,,,,,,,,,,,,,,,,,,,,,,,,,
,,,,,,,,,,,,,,,,,,,,,,,,,
,,,,,,,,,,,,,,,,,,,,,,,,,
,,,,,,,,,,,,,,,,,,,,,,,,,
,,,,,,,,,,,,,,,,,,,,,,,,,
,,,,,,,,,,,,,,,,,,,,,,,,,
,,,,,,,,,,,,,,,,,,,,,,,,,
,,,,,,,,,,,,,,,,,,,,,,,,,
,,,,,,,,,,,,,,,,,,,,,,,,,
,,,,,,,,,,,,,,,,,,,,,,,,,
,,,,,,,,,,,,,,,,,,,,,,,,,
,,,,,,,,,,,,,,,,,,,,,,,,,
,,,,,,,,,,,,,,,,,,,,,,,,,
,,,,,,,,,,,,,,,,,,,,,,,,,
,,,,,,,,,,,,,,,,,,,,,,,,,
,,,,,,,,,,,,,,,,,,,,,,,,,
,,,,,,,,,,,,,,,,,,,,,,,,,
,,,,,,,,,,,,,,,,,,,,,,,,,
,,,,,,,,,,,,,,,,,,,,,,,,,
,,,,,,,,,,,,,,,,,,,,,,,,,
,,,,,,,,,,,,,,,,,,,,,,,,,
,,,,,,,,,,,,,,,,,,,,,,,,,
,,,,,,,,,,,,,,,,,,,,,,,,,
,,,,,,,,,,,,,,,,,,,,,,,,,
,,,,,,,,,,,,,,,,,,,,,,,,,
,,,,,,,,,,,,,,,,,,,,,,,,,
,,,,,,,,,,,,,,,,,,,,,,,,,
,,,,,,,,,,,,,,,,,,,,,,,,,
,,,,,,,,,,,,,,,,,,,,,,,,,
,,,,,,,,,,,,,,,,,,,,,,,,,
,,,,,,,,,,,,,,,,,,,,,,,,,
,,,,,,,,,,,,,,,,,,,,,,,,,
,,,,,,,,,,,,,,,,,,,,,,,,,
,,,,,,,,,,,,,,,,,,,,,,,,,
,,,,,,,,,,,,,,,,,,,,,,,,,
,,,,,,,,,,,,,,,,,,,,,,,,,
,,,,,,,,,,,,,,,,,,,,,,,,,
,,,,,,,,,,,,,,,,,,,,,,,,,
,,,,,,,,,,,,,,,,,,,,,,,,,
,,,,,,,,,,,,,,,,,,,,,,,,,
,,,,,,,,,,,,,,,,,,,,,,,,,
,,,,,,,,,,,,,,,,,,,,,,,,,
,,,,,,,,,,,,,,,,,,,,,,,,,
,,,,,,,,,,,,,,,,,,,,,,,,,
,,,,,,,,,,,,,,,,,,,,,,,,,
,,,,,,,,,,,,,,,,,,,,,,,,,
,,,,,,,,,,,,,,,,,,,,,,,,,
,,,,,,,,,,,,,,,,,,,,,,,,,
,,,,,,,,,,,,,,,,,,,,,,,,,
,,,,,,,,,,,,,,,,,,,,,,,,,
,,,,,,,,,,,,,,,,,,,,,,,,,
,,,,,,,,,,,,,,,,,,,,,,,,,
,,,,,,,,,,,,,,,,,,,,,,,,,
,,,,,,,,,,,,,,,,,,,,,,,,,
,,,,,,,,,,,,,,,,,,,,,,,,,
,,,,,,,,,,,,,,,,,,,,,,,,,
,,,,,,,,,,,,,,,,,,,,,,,,,
,,,,,,,,,,,,,,,,,,,,,,,,,
,,,,,,,,,,,,,,,,,,,,,,,,,
,,,,,,,,,,,,,,,,,,,,,,,,,
,,,,,,,,,,,,,,,,,,,,,,,,,
,,,,,,,,,,,,,,,,,,,,,,,,,
,,,,,,,,,,,,,,,,,,,,,,,,,
,,,,,,,,,,,,,,,,,,,,,,,,,
,,,,,,,,,,,,,,,,,,,,,,,,,
,,,,,,,,,,,,,,,,,,,,,,,,,
,,,,,,,,,,,,,,,,,,,,,,,,,
,,,,,,,,,,,,,,,,,,,,,,,,,
,,,,,,,,,,,,,,,,,,,,,,,,,
,,,,,,,,,,,,,,,,,,,,,,,,,
,,,,,,,,,,,,,,,,,,,,,,,,,
,,,,,,,,,,,,,,,,,,,,,,,,,
,,,,,,,,,,,,,,,,,,,,,,,,,
,,,,,,,,,,,,,,,,,,,,,,,,,
,,,,,,,,,,,,,,,,,,,,,,,,,
,,,,,,,,,,,,,,,,,,,,,,,,,
,,,,,,,,,,,,,,,,,,,,,,,,,
,,,,,,,,,,,,,,,,,,,,,,,,,
,,,,,,,,,,,,,,,,,,,,,,,,,
,,,,,,,,,,,,,,,,,,,,,,,,,
,,,,,,,,,,,,,,,,,,,,,,,,,
,,,,,,,,,,,,,,,,,,,,,,,,,
,,,,,,,,,,,,,,,,,,,,,,,,,
,,,,,,,,,,,,,,,,,,,,,,,,,
,,,,,,,,,,,,,,,,,,,,,,,,,
,,,,,,,,,,,,,,,,,,,,,,,,,
,,,,,,,,,,,,,,,,,,,,,,,,,
,,,,,,,,,,,,,,,,,,,,,,,,,
,,,,,,,,,,,,,,,,,,,,,,,,,
,,,,,,,,,,,,,,,,,,,,,,,,,
,,,,,,,,,,,,,,,,,,,,,,,,,
,,,,,,,,,,,,,,,,,,,,,,,,,
,,,,,,,,,,,,,,,,,,,,,,,,,
,,,,,,,,,,,,,,,,,,,,,,,,,
,,,,,,,,,,,,,,,,,,,,,,,,,
,,,,,,,,,,,,,,,,,,,,,,,,,
,,,,,,,,,,,,,,,,,,,,,,,,,
,,,,,,,,,,,,,,,,,,,,,,,,,
,,,,,,,,,,,,,,,,,,,,,,,,,
,,,,,,,,,,,,,,,,,,,,,,,,,
,,,,,,,,,,,,,,,,,,,,,,,,,
,,,,,,,,,,,,,,,,,,,,,,,,,
,,,,,,,,,,,,,,,,,,,,,,,,,
,,,,,,,,,,,,,,,,,,,,,,,,,
,,,,,,,,,,,,,,,,,,,,,,,,,
,,,,,,,,,,,,,,,,,,,,,,,,,
,,,,,,,,,,,,,,,,,,,,,,,,,
,,,,,,,,,,,,,,,,,,,,,,,,,
,,,,,,,,,,,,,,,,,,,,,,,,,
,,,,,,,,,,,,,,,,,,,,,,,,,
,,,,,,,,,,,,,,,,,,,,,,,,,
,,,,,,,,,,,,,,,,,,,,,,,,,
,,,,,,,,,,,,,,,,,,,,,,,,,
,,,,,,,,,,,,,,,,,,,,,,,,,
,,,,,,,,,,,,,,,,,,,,,,,,,
,,,,,,,,,,,,,,,,,,,,,,,,,
,,,,,,,,,,,,,,,,,,,,,,,,,
,,,,,,,,,,,,,,,,,,,,,,,,,
,,,,,,,,,,,,,,,,,,,,,,,,,
,,,,,,,,,,,,,,,,,,,,,,,,,
,,,,,,,,,,,,,,,,,,,,,,,,,
,,,,,,,,,,,,,,,,,,,,,,,,,
,,,,,,,,,,,,,,,,,,,,,,,,,
,,,,,,,,,,,,,,,,,,,,,,,,,
,,,,,,,,,,,,,,,,,,,,,,,,,
,,,,,,,,,,,,,,,,,,,,,,,,,
,,,,,,,,,,,,,,,,,,,,,,,,,
,,,,,,,,,,,,,,,,,,,,,,,,,
,,,,,,,,,,,,,,,,,,,,,,,,,
,,,,,,,,,,,,,,,,,,,,,,,,,
,,,,,,,,,,,,,,,,,,,,,,,,,
,,,,,,,,,,,,,,,,,,,,,,,,,
,,,,,,,,,,,,,,,,,,,,,,,,,
,,,,,,,,,,,,,,,,,,,,,,,,,
,,,,,,,,,,,,,,,,,,,,,,,,,
,,,,,,,,,,,,,,,,,,,,,,,,,
,,,,,,,,,,,,,,,,,,,,,,,,,
,,,,,,,,,,,,,,,,,,,,,,,,,
,,,,,,,,,,,,,,,,,,,,,,,,,
,,,,,,,,,,,,,,,,,,,,,,,,,
,,,,,,,,,,,,,,,,,,,,,,,,,
,,,,,,,,,,,,,,,,,,,,,,,,,
,,,,,,,,,,,,,,,,,,,,,,,,,
,,,,,,,,,,,,,,,,,,,,,,,,,
,,,,,,,,,,,,,,,,,,,,,,,,,
,,,,,,,,,,,,,,,,,,,,,,,,,
,,,,,,,,,,,,,,,,,,,,,,,,,
,,,,,,,,,,,,,,,,,,,,,,,,,
,,,,,,,,,,,,,,,,,,,,,,,,,
,,,,,,,,,,,,,,,,,,,,,,,,,
,,,,,,,,,,,,,,,,,,,,,,,,,
,,,,,,,,,,,,,,,,,,,,,,,,,
,,,,,,,,,,,,,,,,,,,,,,,,,
,,,,,,,,,,,,,,,,,,,,,,,,,
,,,,,,,,,,,,,,,,,,,,,,,,,
,,,,,,,,,,,,,,,,,,,,,,,,,
,,,,,,,,,,,,,,,,,,,,,,,,,
,,,,,,,,,,,,,,,,,,,,,,,,,
,,,,,,,,,,,,,,,,,,,,,,,,,
,,,,,,,,,,,,,,,,,,,,,,,,,
,,,,,,,,,,,,,,,,,,,,,,,,,
,,,,,,,,,,,,,,,,,,,,,,,,,
,,,,,,,,,,,,,,,,,,,,,,,,,
,,,,,,,,,,,,,,,,,,,,,,,,,
,,,,,,,,,,,,,,,,,,,,,,,,,
,,,,,,,,,,,,,,,,,,,,,,,,,
,,,,,,,,,,,,,,,,,,,,,,,,,
,,,,,,,,,,,,,,,,,,,,,,,,,
,,,,,,,,,,,,,,,,,,,,,,,,,
,,,,,,,,,,,,,,,,,,,,,,,,,
,,,,,,,,,,,,,,,,,,,,,,,,,
,,,,,,,,,,,,,,,,,,,,,,,,,
,,,,,,,,,,,,,,,,,,,,,,,,,
,,,,,,,,,,,,,,,,,,,,,,,,,
,,,,,,,,,,,,,,,,,,,,,,,,,
,,,,,,,,,,,,,,,,,,,,,,,,,
,,,,,,,,,,,,,,,,,,,,,,,,,
,,,,,,,,,,,,,,,,,,,,,,,,,
,,,,,,,,,,,,,,,,,,,,,,,,,
,,,,,,,,,,,,,,,,,,,,,,,,,
,,,,,,,,,,,,,,,,,,,,,,,,,
,,,,,,,,,,,,,,,,,,,,,,,,,
,,,,,,,,,,,,,,,,,,,,,,,,,
,,,,,,,,,,,,,,,,,,,,,,,,,
,,,,,,,,,,,,,,,,,,,,,,,,,
,,,,,,,,,,,,,,,,,,,,,,,,,
,,,,,,,,,,,,,,,,,,,,,,,,,
,,,,,,,,,,,,,,,,,,,,,,,,,
,,,,,,,,,,,,,,,,,,,,,,,,,
,,,,,,,,,,,,,,,,,,,,,,,,,
,,,,,,,,,,,,,,,,,,,,,,,,,
,,,,,,,,,,,,,,,,,,,,,,,,,
,,,,,,,,,,,,,,,,,,,,,,,,,
,,,,,,,,,,,,,,,,,,,,,,,,,
,,,,,,,,,,,,,,,,,,,,,,,,,
,,,,,,,,,,,,,,,,,,,,,,,,,
,,,,,,,,,,,,,,,,,,,,,,,,,
,,,,,,,,,,,,,,,,,,,,,,,,,
,,,,,,,,,,,,,,,,,,,,,,,,,
,,,,,,,,,,,,,,,,,,,,,,,,,
,,,,,,,,,,,,,,,,,,,,,,,,,
,,,,,,,,,,,,,,,,,,,,,,,,,
,,,,,,,,,,,,,,,,,,,,,,,,,
,,,,,,,,,,,,,,,,,,,,,,,,,
,,,,,,,,,,,,,,,,,,,,,,,,,
,,,,,,,,,,,,,,,,,,,,,,,,,
,,,,,,,,,,,,,,,,,,,,,,,,,
,,,,,,,,,,,,,,,,,,,,,,,,,
,,,,,,,,,,,,,,,,,,,,,,,,,
,,,,,,,,,,,,,,,,,,,,,,,,,
,,,,,,,,,,,,,,,,,,,,,,,,,
,,,,,,,,,,,,,,,,,,,,,,,,,
,,,,,,,,,,,,,,,,,,,,,,,,,
,,,,,,,,,,,,,,,,,,,,,,,,,
,,,,,,,,,,,,,,,,,,,,,,,,,
,,,,,,,,,,,,,,,,,,,,,,,,,
,,,,,,,,,,,,,,,,,,,,,,,,,
,,,,,,,,,,,,,,,,,,,,,,,,,
,,,,,,,,,,,,,,,,,,,,,,,,,
,,,,,,,,,,,,,,,,,,,,,,,,,
,,,,,,,,,,,,,,,,,,,,,,,,,
,,,,,,,,,,,,,,,,,,,,,,,,,
,,,,,,,,,,,,,,,,,,,,,,,,,
,,,,,,,,,,,,,,,,,,,,,,,,,
,,,,,,,,,,,,,,,,,,,,,,,,,
,,,,,,,,,,,,,,,,,,,,,,,,,
,,,,,,,,,,,,,,,,,,,,,,,,,
,,,,,,,,,,,,,,,,,,,,,,,,,
,,,,,,,,,,,,,,,,,,,,,,,,,
,,,,,,,,,,,,,,,,,,,,,,,,,
,,,,,,,,,,,,,,,,,,,,,,,,,
,,,,,,,,,,,,,,,,,,,,,,,,,
,,,,,,,,,,,,,,,,,,,,,,,,,
,,,,,,,,,,,,,,,,,,,,,,,,,
,,,,,,,,,,,,,,,,,,,,,,,,,
,,,,,,,,,,,,,,,,,,,,,,,,,
,,,,,,,,,,,,,,,,,,,,,,,,,
,,,,,,,,,,,,,,,,,,,,,,,,,
,,,,,,,,,,,,,,,,,,,,,,,,,
,,,,,,,,,,,,,,,,,,,,,,,,,
,,,,,,,,,,,,,,,,,,,,,,,,,
,,,,,,,,,,,,,,,,,,,,,,,,,
,,,,,,,,,,,,,,,,,,,,,,,,,
,,,,,,,,,,,,,,,,,,,,,,,,,
