From_ID,To_ID
anu1,anu2
anu2,anu3
anu3,anu4
anu4,anu5
anu5,san1
pau1,pau8
pau2,pau3
pau3,pau4
pau4,pau5
pau4,pau6
pau6,pau7
pau8,pau7
pau7,ast19
plo1,plo2
plo2,plo3
ast1,ast2
ast1,ast3
ast4,ast5
ast5,ast6
ast6,ast7
ast6,ast8
ast7,ast8
ast8,ast9
ast9,ast10
ast9,ast11
ast11,ast12
ast12,ast13
ast13,ast14
ast11,ast15
ast16,ast17
ast17,ast18
ast18,ast22
ast19,ast20
pau8,ast21
ast21,ast22
ast22,ast23
ast23,ast24
ast24,ast25
ast25,ast26
ast26,ast27
ast27,adi1
adi1,adi2
adi2,adi3
adi2,sam1
sam1,sam2
sam2,sam3
sam3,sam4
sam4,sam5
sam5,sam6
sam6,sam7
sam7,sam8
sam8,sam9
sam10,sam11
sam11,sam12
sam12,sam13
sam13,sam14
sam15,sam16
sam16,sam17
sam17,sam18
sam18,sam19
sam19,sam20
sam20,sam21
sam21,sam22
sam22,sam23
sam23,sam24
sam24,sam25
sam25,sam26
sam26,sam27
sam27,sam28
sam28,sam29
sam29,sam30
sam30,sam31
sam30,sam38
sam31,sam32
sam32,sam33
sam33,sam34
sam34,sam35
sam35,sam36
sam36,sam37
sam38,sam39
sam39,sam40
sam40,sam41
sam41,sam42
sam40,sam43
sam43,sam44
sam40,sam45
sam45,sam46
sam46,sam47
sam47,sam48
sam48,sam49
sam49,sam50
sam50,sam51
sam51,sam52
sam52,sam53
sam44,sam54
sam54,sam55
sam55,sam56
sam56,sam57
sam56,sam58
sam56,sam59
sam56,sam60
sam60,sam61
sam56,sam62
sam62,sam63
sam63,sam64
sam64,sam65
sam55,sam66
sam66,sam67
sam67,sam68
sam68,sam69
sam69,sam70
sam70,sam71
sam71,sam72
sam71,sam73
sam73,sam75
sam73,sam74
sam75,sam80
sam73,sam76
sam76,sam77
sam77,sam78
sam78,sam79
sam80,sam81
sam81,sam82
sam82,sam83
sam83,sam84
sam81,sam85
sam73,sam86
sam86,sam87
sam86,sam88
sam88,sam89
sam89,sam90
sam90,sam91
sam90,sam92
sam72,jat1
jat1,jat2
jat2,jat3
jat3,jat4
jat4,jat5
jat5,jat6
jat6,jat7
jat2,jat8
jat8,jat9
jat3,jat10
jat9,jat10
jat7,jat11
jat10,jat11
jat11,jat12
jat12,jat13
jat11,hid1
hid1,hid2
hid2,hid3
hid3,hid4
hid4,hid5
hid5,hid6
hid6,hid7
hid7,hid8
hid8,hid9
hid8,bak1
bak1,bak2
bak2,bak3
bak3,bak4
bak4,bak5
bak5,bak6
bak6,bak7
bak7,bak8
bak8,cha1
sam92,cha1
cha1,cha2
cha2,cha3
cha3,cha4
cha4,cha5
cha2,swa1
swa1,swa2
swa2,swa3
swa3,swa4
swa4,swa5
swa5,swa6
swa3,swa6
swa6,swa7
swa7,swa8
swa8,swa9
swa9,swa10
swa10,swa11
swa8,vai1
vai1,vai2
vai2,vai3
vai3,vai4
vai4,vai5
vai5,vai6
vai6,vai7
vai7,vai8
vai8,vai9
vai9,vai10
vai10,vid1
jat13,vid1
vid1,vid2
vid2,vid3
vid3,raj1
raj1,raj2
raj2,raj3
raj2,raj4
raj3,raj5
raj5,raj6
raj6,raj7
vai10,arv1
arv1,arv2
arv2,arv3
arv3,arv4
arv4,arv5
arv5,arv6
arv5,arv7
arv7,arv8
arv7,arv9
arv9,arv10
arv7,sub1
sub1,sub2
sub2,sub3
sub3,sub4
sub4,sub5
sub5,sub6
sub5,har1
har1,har2
vai10,har3
raj7,kha1
kha1,kha2
kha2,kha3
kha3,kha4
kha4,kha5
kha4,kha6
kha5,kha7
kha6,kha7
kha7,kha8
kha8,kha9
kha8,kha10
kha9,raj6
kha9,kha10
kha9,sab1
sab1,sab2
sab2,sab3
sab3,sab6
sab3,sab52
sab2,sab4
sab2,sab5
sab61,sab72
sab73,sab84
sab85,sab96
sab97,sab108
sab109,sab1110
sab1111,sab1212
sab1213,sab1314
sab1315,sab1416
sab1417,sab1518
sab1519,sab1620
sab1621,sab1722
sab1723,sab1824
sab1825,sab1926
sab1927,sab2028
sab2029,sab2130
sab2131,sab2232
sab2233,sab2334
sab2335,sab2436
sab2437,sab2538
sab2539,sab2640
sab2641,sab2742
sab10,sab28
sab27,sab28
sab28,sab29
sab28,sab30
sab28,sab31
sab28,sab32
sab29,sab33
sab30,sab33
sab31,sab33
sab32,sab33
sab33,sab34
sab34,sab35
sab35,sab36
sab36,sab37
sab34,sab38
sab38,sab39
sab39,sab40
sab40,sab41
sab41,sab42
sab42,sab43
sab43,sab44
sab44,sab45
sab45,sab46
sab46,sab47
sab44,sab47
sab47,sab48
sab48,sab49
sab49,sab50
sab50,sab51
sab51,sab52
sab52,sab53
sab53,sab54
sab54,sab55
sab37,sab55
sab55,sab56
sab56,sab57
sab57,sab58
sab58,sab59
sab59,sab60
sab60,sab61
sab61,sab62
sab62,sab63
sab63,sab64
sab64,sab65
sab65,sab66
sab66,sab67
sab67,sab68
sab68,sab69
sab69,sab70
sab70,sab71
sab71,sab72
sab72,sab73
sab73,sab74
sab74,sab75
sab75,sab76
sab76,sab77
sab77,sab78
sab78,sab79
sab79,sab80
sab80,sab81
sab78,sab82
sab77,sab83
sab81,sab84
sab82,sab84
sab83,sab84
sab84,sab85
sab85,sab86
sab86,sab87
sab87,sab88
sab88,sab89
sab89,sab90
sab90,sab91
sab91,sab92
sab92,sab93
sab93,sab94
sab94,sab95
sab95,sab96
sab96,sab97
Please note this link:,sab97
sab97,sab98
sab98,sab99
sab99,sab100
sab100,v0
vp1,vp2
vp1,vp3
vp3,vp4
vp4,vp5
vp5,vp6
vp6,vp7
vp1,vp8
vp8,vp9
vp9,vp10
vp10,vp11
vp1,vp12
vp1,vp13
vp13,vp14
vp1,vp15
vp15,vp16
vp16,vp17
vp1,vp18
vp18,vp19
vp19,vp20
vp20,vp21
vp21,vp22
vp22,vp23
vp23,vp24
vp24,vp25
vp25,vp26
vp26,vp27
vp27,vp28
vp28,vp29
vp29,vp30
vp30,vp31
vp31,vp32
vp32,vp33
vp33,vp34
vp34,vp35
vp35,vp36
vp36,vp37
vp37,vp38
vp38,vp39
vp20,vp40
vp40,vp41
vp41,vp42
vp42,vp43
vp43,vp44
vp44,vp45
vp45,vp46
vp46,vp47
vp47,vp48
vp48,vp49
vp42,vp50
vp50,vp51
vp51,vp52
vp40,vp53
vp53,vp54
vp54,vp55
vp34,vp56
vp40,vp56
vp1,vp57
sab70,vp57
vp57,vp58
vp58,vp59
vp59,vp60
vp60,vp61
vp1,vp62
vp62,vp63
vp63,vp64
vp1,vp65
vp65,vp66
vp66,vp67
vp67,vp68
vp68,vp69
vp69,vp70
vp1,vp71
vp71,vp72
vp72,vp73
vp73,vp74
vp74,vp75
vp75,vp76
vp76,vp77
vp77,vp78
vp78,vp79
vp79,vp80
vp80,vp81
vp81,vp82
vp82,vp83
vp82,vp84
vp7,vp84
vp84,vp85
vp85,vp86
vp86,vp87
vp87,vp88
vp88,vp89
vp89,vp90
vp90,vp91
vp91,vp92
vp1,vp93
vp93,vp94
vp94,vp95
vp95,vp96
vp96,vp97
vp97,vp98
vp98,vp99
vp99,vp100
vp101,vp102
vp102,vp103
vp103,vp104
vp104,vp105
vp105,vp106
vp106,vp107
vp107,vp108
vp108,vp109
vp109,vp110
vp110,vp111
vp111,vp112
vp112,vp113
vp113,vp114
vp114,vp115
vp115,vp116
vp115,vp117
vp116,vp117
vp117,vp118
